index,address_1,address_2,name,expiration_date
1,28 LIPCA 1943,9A,NALEPKA TOMASZ,2015-12-08
2,29 LISTOPADA,32 D,NOWORYTA KRZYSZTOF,2018-08-03
3,ABP. ZYGMUNTA SZCZĘSNEGO FELIŃSKIEGO,20,ŁUKASZ KOSTRZEWSKI,2018-08-05
4,ABP. ZYGMUNTA SZCZĘSNEGO FELIŃSKIEGO,33/U1,KRAKOWSKI TOMASZ,2018-06-07
5,AGATOWA,1,STOLARZ ANNA,2016-08-11
6,AL. SŁOWACKIEGO,11B,WITEK LESZEK,2018-05-12
7,ALBATROSÓW,18,"GIBAŁA ANNA, GIBAŁA BEATA",2015-12-31
8,ALEJA 29 LISTOPADA,93,GÓRKA WIESŁAWA,2016-10-16
9,ALEJA 29 LISTOPADA,125,"MIŁASZEWSKA IRENA, MIŁASZEWSKI KRZYSZTOF",2017-02-28
10,ALEJA 29 LISTOPADA,155A,LORENZ MACIEJ,2015-12-31
11,ALEJA 29 LISTOPADA,32D,KASPRZYK JANUSZ,2017-09-08
12,ALEJA 29 LISTOPADA,36/14,WĘDZONY ADAM,2017-07-29
13,ALEJA 29 LISTOPADA,39 B,BP EUROPA SE SPÓŁKA EUROPEJSKA ODDZIAŁ W POLSCE,2016-07-05
14,ALEJA 29 LISTOPADA,42C,DUMNICKI PAWEŁ,2017-03-16
15,ALEJA 29 LISTOPADA,57/59,PODWAWELSKA SPÓŁDZIELNIA SPOŻYWCÓW,2016-03-15
16,ALEJA 29 LISTOPADA,57-59,"WIELECKA ALICJA, WIELECKI WIKTOR",2016-09-23
17,ALEJA 29 LISTOPADA,63A,MENTEL JANUSZ,2017-11-14
18,ALEJA 29 LISTOPADA,79A,MENTEL JANUSZ,2017-12-14
19,ALEJA DASZYŃSKIEGO,3,PODWAWELSKA SPÓŁDZIELNIA SPOŻYWCÓW,2016-04-02
20,ALEJA DASZYŃSKIEGO,3,PODWAWELSKA SPÓŁDZIELNIA SPOŻYWCÓW,2017-05-27
21,ALEJA DASZYŃSKIEGO,12/U1,MAŁPKA SPÓŁKA AKCYJNA,2017-03-31
22,ALEJA DEMBOWSKIEGO,9,PODWAWELSKA SPÓŁDZIELNIA SPOŻYWCÓW,2016-12-10
23,ALEJA GEN. BORA- KOMOROWSKIEGO,4,PERNET JACEK,2017-02-09
24,ALEJA GEN. BORA- KOMOROWSKIEGO,39,BP EUROPA SE SPÓŁKA EUROPEJSKA ODDZIAŁ W POLSCE,2017-12-11
25,ALEJA GENERAŁA ANDERSA,31K,"KWAŚNIEWSKA EWA, WOJDYGA TOMASZ",2016-09-30
26,ALEJA JANA PAWŁA II,186,SHELL POLSKA SPÓŁKA Z O.O.,2017-11-03
27,ALEJA JANA PAWŁA II,200,STATOIL FUEL & RETAIL POLSKA SPÓŁKA Z O.O.,2018-04-06
28,ALEJA KIJOWSKA,12,"FIRMA HANDLOWA  EWA WĄCŁAWSKA, MAREK WĄCŁAWSKI SPÓŁKA JAWNA",2017-02-13
29,ALEJA KRASIŃSKIEGO,1,HANDLOWA SPÓŁDZIELNIA JUBILAT,2016-07-22
30,ALEJA KRASIŃSKIEGO,8,BABIARSKA KATARZYNA,2017-01-26
31,ALEJA MARSZAŁKA FERDYNANDA FOCHA,1,"SZCZYPCZYK HALINA, FRANCUZ MAŁGORZATA",2018-06-15
32,ALEJA MODRZEWIOWA,17,HANDLOWA SPÓŁDZIELNIA JUBILAT,2016-07-31
33,ALEJA PŁK BELINY- PRAŻMOWSKIEGO,49A,"TOCZEK ROBERT, SAŁAPA PAWEŁ",2017-05-29
34,ALEJA POKOJU,14,CZEKAJEWSKI ADAM,2017-02-25
35,ALEJA POKOJU,14,PODWAWELSKA SPÓŁDZIELNIA SPOŻYWCÓW,2017-02-03
36,ALEJA POKOJU,20,PODWAWELSKA SPÓŁDZIELNIA SPOŻYWCÓW,2016-04-02
37,ALEJA POKOJU,33,PODWAWELSKA SPÓŁDZIELNIA SPOZYWCÓW,2016-03-15
38,ALEJA POKOJU,44,CARREFOUR POLSKA SPÓŁKA Z OGRANICZONĄ ODPOWIEDZIALNOŚCIĄ,2016-09-11
39,ALEJA POKOJU,65,SHELL POLSKA SPÓŁKA  Z O.O.,2016-06-23
40,ALEJA POKOJU,67,AUCHAN POLSKA SPÓŁKA Z OGRANICZONĄ ODPOWIEDZIALNOŚCIĄ,2017-09-23
41,ALEJA POKOJU,91,LOTOS PALIWA SPÓŁKA Z O.O.,2015-11-05
42,ALEJA SŁOWACKIEGO,64,MEGA SPÓŁKA Z O.O.,2016-07-03
43,ALEKSANDRA SZUKIEWICZA,,"SWOBODA URSZUKA, SWOBODA WŁADYSŁAW",2018-07-31
44,ALEKSANDRY,21,"CHUDOBA AGNIESZKA, STRĄCZEK TOMASZ",2017-04-08
45,ALEKSANDRY,21A,KUKIEŁA ANNA,2018-07-09
46,ALEKSANDRY,3A,MOTYKA PAWEŁ,2017-06-03
47,ANDRZEJA STRUGA,przy bl.nr 8,"TUCZYŃSKA ANNA, TUCZYŃSKI GRZEGORZ",2018-09-02
48,ARCHITEKTÓW,k.bl.25,ŁUCZYWO KAZIMIERZ,2017-09-14
49,ARCYBISKUPA FELIŃSKIEGO,29,"KOWALCZYK MARIA, KOWALCZYK KRZYSZTOF",2018-01-13
50,ARMII KRAJOWEJ,11 A,HEKON-HOTELE EKONOMOCZNE SPÓŁKA AKCYJNA,2017-03-02
51,ARMII KRAJOWEJ,10,STATOIL FUEL & RETAIL POLSKA SPÓŁKA Z OGRANICZONĄ ODPOWIEDZIALNOŚCIĄ,2015-10-15
52,ARMII KRAJOWEJ,10,STATOIL FUEL & RETAIL POLSKA SPÓŁKA Z O.O.,2018-10-15
53,ARMII KRAJOWEJ,77,MONOLITH TRADING SPÓŁKA Z OGRANICZONĄ ODPOWIEDZIALNOŚCIĄ,2017-09-23
54,ARMII KRAJOWEJ,93,MATUSIK JACEK,2018-04-03
55,ARMII KRAJOWEJ,97/3,POPIOŁEK-POKUTYCKA EWELINA,2016-10-08
56,ARMII KRAJOWEJ,21A,POLSKI KONCERN NAFTOWY ORLEN SPÓŁKA AKCYJNA,2016-03-14
57,ARMII KRAKÓW,80,"FURTAK AGNIESZKA, FURTAK  TOMASZ",2016-06-13
58,ASTRONAUTÓW,5,KUCHARSKA LUCYNA,2018-08-18
59,BAJANA,8,"PRZEDSIĘBIORSTWO HANDLOWO-USŁUGOWE ZACHĘTA ZBIGNIEW KALETA, ADAM KALETA SPÓŁKA JAWNA",2017-09-07
60,BAJECZNA,6,"SOLIŃSKA AGNIESZKA, SOLIŃSKI MARIUSZ",2017-12-07
61,BAJECZNA,4/lok. U,CHUCHRO ELIZA,2017-06-09
62,BALICKA,16,MARKET PUNKT 4 PL SPÓŁKA Z OGRANICZONĄ ODPOWIEDZIALNOŚCIĄ SPÓŁKA KOMANDYTOWA,2017-02-20
63,BALICKA,18,WŁOCH MARTA,2016-07-03
64,BALICKA,18,SKÓRA WIOLETTA,2018-07-05
65,BALICKA,44,TAŃCULA KONRAD,2016-12-05
66,BALICKA,56,EUROCASH SPÓŁKA AKCYJNA,2018-03-01
67,BALICKA,56,"MAJCHEREK MIROSŁAW, MUSIAŁ MARIUSZ",2018-08-08
68,BALICKA,100,PIETRAS MAGDALENA,2017-10-19
69,BALICKA,157,JERONIMO MARTINS POLSKA SPÓŁKA AKCYJNA,2017-01-16
70,BALICKA,284,KOĆMA ELŻBIETA,2016-03-24
71,BALICKA,125A,GORAJ PIOTR,2018-08-03
72,BALICKA,14A/5,TUCZYŃSKI GRZEGORZ,2017-12-31
73,BALICKA,18 D,FILEK MARTA,2018-01-23
74,BAŁUCKIEGO,9A,"FIRMA HANDLOWA  EWA WĄCŁAWSKA, MAREK WĄCŁAWSKI SPÓŁKA JAWNA",2016-09-29
75,BARBARY,3,MARZEC JAN,2018-01-09
76,BARBARY,3 paw.1,"MYTNIK MICHAŁ, MYTNIK ROMAN",2018-06-14
77,BARBARY,3 paw.2,"MYTNIK MICHAŁ, MYTNIK ROMAN",2018-06-14
78,BATALIONÓW CHŁOPSKICH,2A,STAŃCZYK TERESA,2017-11-13
79,BAZAROWA,1,EUROCASH  SPÓŁKA AKCYJNA,2017-01-20
80,BENEDYKTYŃSKA,37,BENEDICTUS MEMES SPÓŁKA Z O.O.,2016-07-02
81,BENEDYKTYŃSKA,k/bl.nr 24,MEUS ZBIGNIEW,2018-07-31
82,BESKIDZKA,29,WÓJCIK PIOTR,2018-02-12
83,BESKIDZKA,30,JERONIMO MARTINS POLSKA SPÓŁKA AKCYJNA,2016-02-07
84,BESKIDZKA,30,AD - SYSTEM SPÓŁKA Z OGRANICZONĄ ODPOWIEDZIALNOŚCIĄ,2017-08-31
85,BETONOWA,2,PYRKA DANUTA,2016-08-22
86,BIAŁOPRĄDNICKA,16,LANGSTEINER ALICJA,2017-09-12
87,BIAŁOPRĄDNICKA,21,ROJARLEAS SPÓŁKA Z OGRANICZONĄ ODPOWIEDZIALNOŚCIĄ,2016-02-17
88,BIAŁOPRĄDNICKA,24A,NIGBOROWICZ SŁAWOMIR,2016-03-28
89,BIAŁORUSKA,7 paw.15,BALAWEJDER BOGDAN,2016-04-15
90,BIAŁORUSKA,7 paw.39,MEJER TADEUSZ,2017-04-16
91,BIAŁORUSKA,paw. 9,PAWLIK PIOTR,2017-10-23
92,BIEŃCZYCKA,7,KORPAŁA DOMINIK,2016-11-10
93,BIEŃCZYCKA,168 paw.3/302,SAMBA SPÓŁKA Z OGRANICZONĄ ODPOWIEDZIALNOŚCIĄ,2018-07-10
94,BIEŃCZYCKI PLAC TARGOWY,29,KOTNIS JADWIGA,2018-04-26
95,BIEŃCZYCKI PLAC TARGOWY,paw.14,"CHRAPEK KRYSTIAN, PRAŻUCH KRZYSZTOF",2017-03-30
96,BIEŃCZYCKI PLAC TARGOWY,paw.26,MCKIBBIN KIRA,2017-04-28
97,BIEŃCZYCKI PLAC TARGOWY,paw.nr 27,DUDZIK ANDRZEJ,2017-05-14
98,BIEŻANOWSKA,30,PAWLIK PIOTR,2017-07-15
99,BIEŻANOWSKA,39,MICHALIK JAN,2016-11-14
100,BIEŻANOWSKA,77,ŻARÓW ADRIAN,2016-03-24
101,BIEŻANOWSKA,303,"NOWAK KATARZYNA, NOWAK ARTUR",2016-12-31
102,BIEŻANOWSKA,311,CHROSTEK TOMASZ,2016-03-27
103,BIEŻANOWSKA,252A/2,STANISZ MONIKA,2018-04-14
104,BIEŻANOWSKA,78C,BUŁKA GRZEGORZ,2017-12-31
105,BIEŻANOWSKA,78G,CZURŁOWSKI RYSZARD,2016-10-21
106,BIEŻANOWSKA,88/25,DANUTA MURDZA,2018-08-09
107,BISKUPA PADNIEWSKIEGO,18,STĘPIEŃ MAŁGORZATA,2017-12-08
108,BLOKOWA,1,DONIEC ZBIGNIEW,2017-03-07
109,BLOKOWA,2,HALAGARDA SPÓŁKA JAWNA,2017-05-06
110,BOCHENKA,10 LU3,RYLSKA IWONA,2016-09-10
111,BOCIANA,13,ROKITA MONIKA,2018-06-11
112,BOCIANA,4/4,KRAKOWSKI TOMASZ,2017-06-02
113,BOCIANA,3/LU1,BASISTA MARCIN,2018-04-16
114,BOGUCIANKA,1,STRĄCZEK DOROTA,2015-12-31
115,BOGUCIANKA,3,CIESIELSKA ANGELIKA,2017-03-06
116,BOGUCIANKA,74B,OPOKA KRZYSZTOF,2016-02-11
117,BOGUCICKA,15,"MYTNIK MICHAŁ, MYTNIK ROMAN",2018-01-31
118,BOHATERÓW WRZEŚNIA,20,DYMEK RAFAŁ,2018-04-16
119,BOJKI,4,KRZCIUK AGNIESZKA,2016-04-30
120,BOLESŁAWA CZERWIEŃSKIEGO,3B/LU1,WRÓBEL PAWEŁ,2018-07-14
121,BOLESŁAWA LIMANOWSKIEGO,3,JERONIMO MARTINS POLSKA SPÓŁKA AKCYJNA,2018-07-21
122,BOLESŁAWA LIMANOWSKIEGO,24,JURECKI RYSZARD,2018-09-17
123,BONIFRATERSKA,1,BACÓWKA TOWARY TRADYCYJNE SPÓŁKA Z O.O. SPÓŁKA KOMANDYTOWA,2018-06-01
124,BORKOWSKA,1,LIDL POLSKA SKLEPY SPOŻYECZE SPÓŁKA Z O.O. SPÓŁKA KOMANDYTOWA,2016-10-13
125,BORKOWSKA,25/5,SIKORSKA MARTA,2018-06-25
126,BORKOWSKA,17 B,FIRMA HANDLOWO-USŁUGOWA ŁUKASIK STANISŁAW ŁUKASIK SPÓŁKA JAWNA,2016-04-19
127,BORSUCZA,12,FIRMA HANDLOWA LECH SPÓŁKA JAWNA LEŚ - HRENCZAREK,2016-04-01
128,BORSUCZA,12,WCISŁO MONIKA,2017-04-07
129,BORSUCZA,przy bloku nr 7,"LIZAK MICHAŁ, BYRGIEL MARCIN",2018-05-18
130,BOSACKA,11,MAJEWSKA BOŻENA,2017-04-29
131,BOSAKÓW,26,WALAS MAŁGORZATA,2016-01-21
132,BP. FILIPA PADNIEWSKIEGO,18/40,CZARNA IWONA,2018-05-24
133,BRACI CZECZÓW,"dz.nr471/8 obr.104,105",KANTYKA TOMASZ,2017-05-07
134,BRACKA,7,RUCH SPÓŁKA AKCYJNA,2017-04-20
135,BRACKA,13,"BEATA WYGAŚ, PAWEŁ WYGAŚ",2016-05-09
136,BRANDLA,3,ZACHARSKI JACEK,2016-06-04
137,BRATYSŁAWSKA,1,SHELL POLSKA SPÓŁKA Z O.O.,2017-05-21
138,BRATYSŁAWSKA,1,MAXIPIZZA SPÓŁKA  AKCYJNA,2018-06-17
139,BRATYSŁAWSKA,4,KAUFLAND POLSKA MARKETY SPÓŁKA Z OGRANICZONĄ ODPOWIEDZIALNOŚCIĄ SPÓŁKA KOMANDYTOWA,2016-04-20
140,BRODOWICZA,5B,PODWAWELSKA SPÓŁDZIELNIA SPOŻYWCÓW,2015-12-16
141,BRODOWICZA,9A,FRANKOWSKA LIDIA,2017-02-28
142,BRODZIŃSKIEGO,1,WOŻNIAK BARBARA,2016-05-20
143,BRODZIŃSKIEGO,1,"PIOTROWSKA KAZIMIERA, PIOTROWSKI WOJCIECH",2016-12-31
144,BROGI,32,KRAWCZYK BARBARA,2018-03-15
145,BROGI,48,BOJKO WOJCIECH,2018-03-09
146,BROGI,9/13,MIROŃCZUK ROMAN,2016-05-05
147,BRONIEWSKIEGO,1,"PALCZEWSKA ANNA, BUŁKA WANDA, BUŁKA KRZYSZTOF",2017-12-31
148,BRONOWICKA,2 A,ACAMAS SPÓŁKA Z OGRANICZONĄ ODPOWIEDZIALNOŚCIĄ,2018-02-06
149,BRONOWICKA,11,SŁUPEK BARTOSZ,2018-08-14
150,BRONOWICKA,39,BRÓZDA RAFAŁ,2016-05-14
151,BRONOWICKA,54,RYŚ IRENEUSZ,2015-10-21
152,BRONOWICKA,58,"WODNICKI JÓZEF, WODNICKA-WARTNIK DOMINIKA, WODNICKA MARIA",2016-02-20
153,BRONOWICKA,60,GŁOWACKA MAGDALENA,2016-09-12
154,BRONOWICKA,64,LEŚNIAK JERZY,2018-07-12
155,BRONOWICKA,73,HANDLOWA SPÓŁDZIELNIA JUBILAT,2018-02-18
156,BRONOWICKA,76/2,SWAJDO JADWIGA,2017-12-12
157,BRONOWICKA,10A,BATKO GRZEGORZ,2016-05-27
158,BROŻKA,działka 404/3,OLECHOWSKA MAŁGORZATA,2017-12-11
159,BRZOZOWA,22,"DROŻDŻ DARIUSZ, SZULC KAMIL",2017-04-03
160,BRZOZOWA,17/2,GĄSIOROWSKI JAN,2017-03-02
161,BUDRYKA,6,MARKET PUNKT 4 PL SPÓŁKA Z O. O. SPÓŁKA KOMANDYTOWA,2016-04-06
162,BUJAKA,12/94,"WĘGRZYN ELŻBIETA, WĘGRZYN-RĄCZKA ANETA",2016-09-19
163,BUJAKA,12/95,KNET STANISŁAW,2016-01-01
164,BUJAKA,15 A,GRUCEL ROBERT,2017-06-30
165,BULWAR CZERWIEŃSKI,dz.nr 81/5 obr.146 śródieście,SZUTOWSKA MIROSŁAWA,2020-06-30
166,BULWAROWA,1,ARGE PALIWA SPÓŁKA Z O.O.,2016-12-05
167,CECHOWA,2,LIDL POLSKA SKLEPY SPOŻYWCZE SPÓŁKA Z OGRANICZONĄ ODPOWIEDZIALNOŚCIĄ SPÓŁKA KOMANDYTOWA,2018-05-26
168,CECHOWA,118,TAŃCULA KONRAD,2016-05-06
169,CEGIELNIANA,20A,KOSIŃSKI WIESŁAW,2018-03-16
170,CEGLARSKA,15,"KUBIAK BARBARA, KUBIAK ROBERT",2016-10-08
171,CELAROWSKA,"32 lok.U2,U3",BARAN MAŁGORZATA,2016-05-06
172,CENTRALNA,30,"ZELEK-MASTALERZ SABINA, ZELEK ROMAN",2016-07-15
173,CENTRALNA,40 A,GADOCHA MAREK,2017-01-27
174,CENTRALNA,43B/U1,MICHALCZYK TOMASZ,2015-11-19
175,CENTRALNA,53B,GÓRA  ANNA,2015-11-19
176,CENTRUM A,2,MUSIAŁ EMILIA,2018-09-08
177,CENTRUM B,5,MARKET - DETAL SPÓŁKA Z OGRANICZONĄ ODPOWIEDZIALNOŚCIĄ SPÓŁKA JAWNA,2015-09-15
178,CENTRUM D,2/U8,CHOLEWKA RAFAŁ,2018-07-12
179,CHAŁUBIŃSKIEGO,21,ZAWADZKA ANNA,2016-08-04
180,CHAŁUBIŃSKIEGO,82,TOMANA CZESŁAWA,2018-02-15
181,CHEŁMOŃSKIEGO,35,RUCH SPÓŁKA AKCYJNA,2016-05-21
182,CHEŁMOŃSKIEGO,104,PAUK MARTA,2017-07-31
183,CHEŁMSKA,15,HANDLOWA SPÓŁDZIELNIA JUBILAT,2017-03-07
184,CHMIELENIEC,6/28,BIDAS ŁUKASZ,2017-10-01
185,CHMIELENIEC,2/LU 10,WADOWSKA KRYSTYNA,2017-06-23
186,CHODOWIECKIEGO,7,DURAN EDYTA,2016-10-07
187,CIENISTA,1,WÓJCIK JACEK,2018-04-14
188,CIENISTA,59,KOSTECKA BEATA,2016-10-14
189,CONRADA,33,SHELL POLSKA SPÓŁKA Z OGRANICZONĄ ODPOWIEDZIALNOŚCIĄ,2015-10-20
190,CONRADA,36,SHELL POLSKA SPÓŁKA Z OGRANICZONĄ ODPOWIEDZIALNOŚCIĄ,2016-01-15
191,CONRADA,66,IKEA RETAIL SPÓŁKA Z O.O.,2017-05-11
192,CONRADA,79,LIDL POLSKA SKLEPY SPOŻYWCZE SPÓŁKA Z O.O. SPÓŁKA KOMANDYTOWA,2017-09-10
193,CONRADA,81,BP EUROPA SE SPÓŁKA EUROPEJSKA ODDZIAŁ W POLSCE,2016-06-29
194,CYPRIANA GODEBSKIEGO,21,"DYRLA BEATA, MORAŃSKA AGATA",2018-06-15
195,CYSTERSÓW,21,PETRODOM VENNA SPÓŁKA Z O.O. SPÓLKA KOMANDYTOWA,2018-03-02
196,CZAPSKICH,1,"SOBOL GABRIELA, SOBOL ARTUR",2016-10-20
197,CZARNOGÓRSKA,3,NOWAK MARIUSZ,2017-09-18
198,CZARNOGÓRSKA,3 segm.A,CHMIEL MONIKA,2017-09-30
199,CZARNOWIEJSKA,1,PRZYSTAŁ-BARAN ELŻBIETA,2018-02-18
200,CZARNOWIEJSKA,39,MEGANA SPÓŁKA Z O.O.,2017-02-05
201,CZARNOWIEJSKA,73,M.P. SZYMANOWICZ SPÓŁKA JAWNA,2017-04-29
202,CZARNOWIEJSKA,84,LEPIARZ OLGA,2017-01-20
203,CZARNOWIEJSKA,82/1,"ZACZKIEWICZ ROBERT, WIELECKI WIKTOR",2015-11-16
204,CZARNOWIEJSKA,82/1,"SZULC KAMIL, DROŻDŻ DARIUSZ",2018-08-31
205,CZARNOWIEJSKA,91 B,SOWIŃSKI WOJCIECH,2016-12-18
206,CZEPCA,2,KUDAS NATALIA,2018-03-31
207,CZYSTA,3,ŁUKAWSKA JOLANTA,2017-01-27
208,ĆWIKLIŃSKIEJ,1,LIDL POLSKA SKLEPY SPOŻYWCZE SPÓŁKA  Z O.O. SPÓŁKA KOMANDYTOWA,2016-03-06
209,ĆWIKLIŃSKIEJ,12,CARREFOUR POLSKA SPÓŁKA Z O.O.,2016-11-04
210,ĆWIKLIŃSKIEJ,14,KAUFLAND POLSKA MARKETY SPÓŁKA Z OGRANICZONĄ ODPOWIEDZIALNOŚCIĄ SPÓŁKA KOMANDYTOWA,2017-07-14
211,ĆWIKLIŃSKIEJ,9C,"STRĄCZEK TOMASZ, CHUDOBA AGNIESZKA",2018-03-11
212,ĆWIKLIŃSKIEJ,9D,FILIPOWICZ ANNA,2018-01-19
213,DALIOWA,2,"JAŁOCHA EWA, KŁĘCZEK ARKADIUSZ",2017-05-14
214,DAUNA,70,"ŻUREK BEATA, ŻUREK ROBERT",2018-03-09
215,DĄBROWA,1,STRYSZOWSKI ANDRZEJ,2016-11-07
216,DĄBROWSKIEJ,25,ALDI SPÓŁKA Z OGRANICZONĄ ODPOWIEDZIALNOŚCIĄ,2016-05-07
217,DĄBROWSKIEJ,17/66,KUSAK SYLWIA,2018-04-27
218,DĄBSKA,"18K/L08,L09",NOWAK PIOTR,2017-12-25
219,DEKERTA,5,"KWAŚNIEWSKA EWA, WOJDYGA TOMASZ",2017-11-20
220,DĘBSKIEGO,3,"ZAKŁAD PRZETWÓRSTWA MIĘSNEGO ""PAŁKA"" SPÓŁKA JAWNA",2017-07-17
221,DIETLA,40,PIT STOP SPÓŁKA Z O.O.,2017-10-22
222,DIETLA,44,MEGANA SPÓŁKA Z OGRANICZONĄ ODPOWIEDZIALNOŚCIĄ,2016-12-14
223,DIETLA,46,"GOŁĘBIOWSKI PAWEŁ, BUŁKA GRZEGORZ",2017-12-31
224,DIETLA,97,CUPAŁ AGNIESZKA,2017-03-17
225,DIETLA,113,KOCYK SPÓŁKA Z OGRANICZONĄ ODPOWIEDZIALNOŚCIĄ SPÓŁKA KOMANDYTOWA,2018-01-27
226,DŁUGA,51,JANIK JAN,2017-03-09
227,DŁUGA,58,KOCYK SPÓŁKA Z OGRANICZONĄ ODPOWIEDZIALNOŚCIĄ SPÓŁKA KOMANDYTOWA,2018-01-23
228,DŁUGA,67,KEFIREK SPÓŁKA AKCYJNA,2015-09-09
229,DŁUGA,67,KEFIREK S.A.,2018-09-09
230,DŁUGA,27/św.Filipa 1/1,SZLACHTA MICHAŁ,2017-06-24
231,DŁUGA,31/ U001,ZBOZIEŃ JAROSŁAW,2016-04-23
232,DŁUGA,55/1U,RADASZKIEWICZ ELŻBIETA,2015-12-04
233,DŁUGA,72/U8,WAGA DOROTA,2016-10-06
234,DŁUGA,DZIAŁKA 115/4 OBR 116,"JANAWA AGNIESZKA, NOGA JERZY",2018-02-09
235,DŁUGOSZA,8,NAREWSKI MATEUSZ,2016-12-31
236,DOBREGO PASTERZA,20,MAŁPKA SPÓŁKA AKCYJNA,2017-04-01
237,DOBREGO PASTERZA,67,TESCO (POLSKA) SPÓŁKA Z O.O.,2018-02-08
238,DOBREGO PASTERZA,100,LEWIATAN MARKET  SPÓŁKA Z O.O.,2015-12-17
239,DOBREGO PASTERZA,101,DĄBROWSKI ADAM,2017-08-31
240,DOBREGO PASTERZA,120,PASTELUS SPÓŁKA Z O.O.,2018-04-20
241,DOBREGO PASTERZA,122A,JERONIMO MARTINS POLSKA SPÓŁKA AKCYJNA,2016-02-05
242,DOKTORA BABIŃSKIEGO,68,SOSIŃSKA KATARZYNA,2017-11-20
243,DOKTORA BABIŃSKIEGO,69,TESCO (POLSKA) SPÓŁKA Z OGRANICZONĄ ODPOWIEDZIALNOŚCIĄ,2015-09-13
244,DOKTORA PILTZA,43/7U,WADOWSKA KRYSTYNA,2018-01-07
245,DOKTORA ZAMENHOFA,1,"NIEDZIÓŁKA KRZYSZTOF, NIEDZIÓŁKA MAŁGORZATA",2016-09-30
246,DOLNYCH MŁYNÓW,5,KEFIREK SPÓŁKA AKCYJNA,2018-04-10
247,DOŻYNKOWA,11,WAŚKO ZBIGNIEW,2018-01-17
248,DOŻYNKOWA,105,OWCZARCZYK ANETA,2016-03-14
249,DR. JANA PILTZA,43/U-VII,CYWIŃSKA-STREJCZEK MARTA,2018-08-20
250,DR. JANA PILTZA,64/6UA,ZAGDAŃSKI KONRAD,2018-06-11
251,DR. JÓZEFA BABIŃSKIEGO,69,TESCO (POLSKA) SPÓŁKA Z O.O.,2018-09-13
252,DR. JÓZEFA BABIŃSKIEGO,77,GUDOWSKI PAWEŁ,2018-06-09
253,DROŻDŻOWA,2,KEFIREK SPÓŁKA AKCYJNA,2016-07-11
254,DROŻYSKA,3,BIERNAT MIECZYSŁAW,2015-10-11
255,DROŻYSKA,17,MARS PAWEŁ,2018-02-22
256,DRUKARSKA,2,JERONIMO MARTINS POLSKA SPÓŁKA AKCYJNA,2018-02-19
257,DRUŻBACKIEJ,59,ADAMCZAK MAŁGORZATA,2016-08-18
258,DUNAJEWSKIEGO,4/1,CIAPAŁA EWELINA,2016-05-20
259,DUNIN WĄSOWICZA,11,"KUBICZEK AGATA, KUBICZEK PIOTR",2017-02-13
260,DUŻA GÓRA,1,"WĄTROBA BARBARA, WĄTROBA MARIAN",2016-02-07
261,DWORCOWA,6,OLECH ZBIGNIEW,2017-02-12
262,DWORCOWA,10,SZULC MAŁGORZATA,2018-02-22
263,DWORCOWA,12,"PRZEDSIĘBIORSTWO HANDLOWO-USŁUGOWE ZACHĘTA ZBIGNIEW KALETA, ADAM KALETA SPÓŁKA JAWNA",2016-01-07
264,DWORCOWA,10C,JUCHA ANDRZEJ,2016-01-07
265,DWORCOWA,6 B,JUCHA ANDRZEJ,2017-06-19
266,DWORCOWA,6C,STRAMEK MIECZYSŁAWA,2017-08-19
267,DWORSKA,2 A,GŁOWACKA KAROLINA,2017-02-28
268,ELJASZA WALEREGO RADZIKOWSKIEGO,138-140,FIRMA  HANDLOWO-USŁUGOWA ŁUKASIK STANISŁAW ŁUKASIK SPÓŁKA JAWNA,2018-08-26
269,ERAZMA JERZMANOWSKIEGO,16,TAŃCULA KONRAD,2018-06-17
270,ERAZMA JERZMANOWSKIEGO,39,POLSKI KONCERN NAFTOWY ORLEN SPÓŁKA AKCYJNA,2018-09-05
271,ESTERY,5,ALCHEMIA WITYŃSKI ŻAKOWSKI SPÓŁKA JAWNA,2018-05-14
272,ESTOŃSKA,14,GARA PAWEŁ,2017-06-09
273,FABRYCZNA,3 lok. 1,RÓŻYCKA DOROTA,2016-11-17
274,FAŁĘCKI,1,TROKOS MARKET POINT SPÓŁKA Z OGRANICZONĄ ODPOWIEDZIALNOŚCIĄ SPÓŁKA KOMANDYTOWA,2018-06-13
275,FELICJANEK,27,EMBARGO SPÓŁKA Z O.O.,2018-07-20
276,FIOŁKOWA,4/167,PIETRZYK DOROTA,2017-10-05
277,FLORIAŃSKA,13,MAZUREK MONIKA,2018-06-17
278,FLORIAŃSKA,20,STAROPOLSKIE TRUNKI REGIONALNE SPÓŁKA Z O.O.,2016-05-08
279,FLORIAŃSKA,23,NA ZDRÓWKO  SPÓŁKA Z O.O.,2017-11-20
280,FLORIAŃSKA,51,"SOBALA JAGNA, SOBALA WITOLD, SOBALA KRZYSZTOF",2017-02-15
281,FORTECZNA,51,BOBEK ROBERT,2018-05-14
282,FORTECZNA,51,BOBEK ROBERT,2016-10-31
283,FORTECZNA,51/4,CHMIELNIAK TERESA,2018-03-05
284,FRANCISZKA BUJAKA,"10/LU2,LU3",STREJCZEK RAFAŁ,2018-06-23
285,FREDRY,27,NOWAK MARIUSZ,2017-12-31
286,FRIEDLEINA,1,MEGANA SPÓŁKA Z OGRANICZONĄ ODPOWIEDZIALNOŚCIĄ,2017-12-07
287,FRYCZA-MODRZEWSKIEGO,2/16,GREEN VIOLETTA ZAKS SPÓŁKA KOMANDYTOWA,2018-04-20
288,GAŁCZYŃSKIEGO,34,"SPOŁEM POWSZECHNA SPÓŁDZIELNIA SPOŻYWCÓW ""NOWA HUTA"" W KRAKOWIE",2016-07-19
289,GARBARSKA,4,"GOŁĘBIOWSKI PAWEŁ, BUŁKA GRZEGORZ, GOŁĘBIOWSKA AGNIESZKA",2017-12-31
290,GARNCARSKA,1,ŁUKAWSKA JOLANTA,2016-04-14
291,GDAŃSKA,12,ALTI PLUS SPÓŁKA AKCYJNA,2017-01-30
292,GEN. JÓZEFA CHŁOPICKIEGO,1,ŻGIET DANUTA,2018-05-13
293,GEN. MICHAŁA KARASZEWICZA- TOKARZEWSKIEGO,34,KLUSIA SPÓŁKA Z O.O.,2018-08-27
294,GEN. TADEUSZA BORA- KOMOROWSKIEGO,37,AUCHAN POLSKA SPÓŁKA Z O.O.,2018-05-13
295,GENERAŁA FIELDORFA NILA,17/JU4,WÓJCIK TERESA,2016-12-19
296,GENERAŁA FIELDORFA NILA,7/LU1,GNUTEK ZOFIA,2017-09-06
297,GENERAŁA OKULICKIEGO,51,JERONIMO MARTINS POLSKA SPÓŁKA AKCYJNA,2017-11-22
298,GENERAŁA OKULICKIEGO,51 lok.287,WOJTCZAK ARTUR,2016-09-10
299,GENERAŁA PRĄDZYŃSKIEGO,16,MEGANA SPÓŁKA Z O.O.,2016-02-17
300,GENERAŁA SUŁKOWSKIEGO,7,JEZIORSKI KAZIMIERZ,2018-03-31
301,GLINIANA,"15/36,37,53,54",MICHALSKA OLIMPIA,2017-07-22
302,GLINIK,43,BRANDOS PIOTR,2016-01-13
303,GLINIK,46,"PYTEL CECYLIA, KLUZOWICZ PIOTR",2017-03-17
304,GLINIK,60A,MARYNOWSKA TERESA,2017-12-31
305,GLINIK,73 A,BOCZKOWSKI KRZYSZTOF,2017-03-10
306,GLOGERA,22,JERONIMO MARTINS POLSKA SPÓŁKA AKCYJNA,2017-05-05
307,GŁOWACKIEGO,4,FIRMA HANDLOWO-USŁUGOWA ŁUKASIK STANISŁAW ŁUKASIK SPÓŁKA JAWNA,2018-03-12
308,GŁOWACKIEGO,16 B,KNAPCZYK JOANNA,2015-12-19
309,GŁÓWNY,7,NOSZCZYŃSKI JERZY,2018-06-11
310,GODEBSKIEGO,5,WIATR  KATARZYNA,2016-02-12
311,GOLIKÓWKA,65/1,GRUCHAŁA ANNA,2018-04-16
312,GOŁAŚKA,1C,KOZERA-PROSTAK MONIKA,2015-11-19
313,GOŁAŚKA,1D,"GOŁĘBIOWSKI PAWEŁ, BUŁKA GRZEGORZ, GOŁĘBIOWSKA AGNIESZKA",2017-12-14
314,GOSZCZYŃSKIEGO,33,"WINDAK CZESŁAWA, WINDAK WALDEMAR",2017-10-16
315,GÓRNIKÓW,3,GAMAT SPÓŁKA Z O.O.,2016-11-05
316,GRAŻYNY,4,JERONIMO MARTINS POLSKA SPÓŁKA AKCYJNA,2016-04-07
317,GRĘBAŁOWSKA,1,ŚWIĘCHOWICZ ANNA,2016-11-30
318,GRĘBAŁOWSKA,41,DOROZ PAWEŁ,2017-09-29
319,GROCHOWA,20,ROBAK ZYGMUNT,2016-02-15
320,GROCHOWSKA,22A,"PRZEDSIĘBIORSTWO HANDLOWO-USŁUGOWE ZACHĘTA ZBIGNIEW KALETA, ADAM KALETA SPÓŁKA JAWNA",2016-02-26
321,GROCHOWSKA,4A,"MAŁGORZATA STAŃDA, MAREK STAŃDA",2018-03-31
322,GRODZKA,13,KRAJANOWSKA HELENA,2017-08-11
323,GRODZKA,18,CIAPAŁA EWELINA,2018-03-31
324,GRODZKA,20,KOC ANDRZEJ,2016-07-15
325,GRODZKA,34,REIZER AGNIESZKA,2017-05-22
326,GRODZKA,46,KEFIREK SPÓŁKA AKCJNA,2018-04-10
327,GRODZKA,59,BUL HERBERT,2016-04-25
328,GROMADZKA,46,ARGED SPÓŁDZIELNIA HANDLOWA SPOŁEM W KRAKOWIE,2018-04-02
329,GROMADZKA,22F,OKTAN GROUP SPÓŁKA Z OGRANICZONĄ ODPOWIEDZIALNOŚCIĄ,2018-08-10
330,GROTA-ROWECKIEGO,5,MAŁPKA SPÓŁKA AKCYJNA,2017-05-20
331,GROTA-ROWECKIEGO,33,BILMEX-TANK SPÓŁKA Z O.O. SPÓŁKA KOMANDYTOWA,2016-10-09
332,GROTA-ROWECKIEGO,37A,ATŁASIK MARTA,2017-03-21
333,GROTA-ROWECKIEGO,7C,KURBIEL KRZYSZTOF,2016-08-03
334,GROTA-ROWECKIEGO,działka nr 40/15,SZWED TOMASZ,2016-11-30
335,GRUNWALDZKA,17,SNAKOWSKI TOMASZ,2018-02-01
336,GRZEGÓRZECKA,8,MAŁPKA SPÓŁKA AKCYJNA,2017-03-31
337,GRZEGÓRZECKA,67,OKRĘGOWA SPÓŁDZIELNIA PSZCZELARSKA PSZCZELARZ W KRAKOWIE W LIKWIDACJI,2018-04-26
338,GRZEGÓRZECKA,79,MEGANA SPÓŁKA Z O.O.,2016-02-15
339,GRZEGÓRZECKA,12 lok.1,BACA BEATA,2018-08-30
340,GRZEGÓRZECKA,67/LU2,PIWOWARCZYK KATARZYNA,2017-03-20
341,GRZEGÓRZECKA,67C/U5,MIŚKIEWICZ SEBASTIAN,2016-11-05
342,GRZEGÓRZECKA,73 lok. U1,MIŚKIEWICZ SEBASTIAN,2017-07-23
343,HEILA,6,MALARA MAGDALENA,2016-06-04
344,HELENY,18,JERONIMO MARTINS POLSKA SPÓŁKA AKCYJNA,2018-05-12
345,IGOŁOMSKA,24,MARCZAK MAREK,2016-01-31
346,IGOŁOMSKA,34,KACZMARCZYK HANKA,2017-05-20
347,IGOŁOMSKA,29B,R8MOTORSPORT OIL SPÓŁKA Z O.O.,2017-04-08
348,IGOŁOMSKA,30L,LEMAR R.L.E. LEŚNIAK SPÓŁKA JAWNA,2017-09-19
349,IGOŁOMSKA,34K,SHELL POLSKA SPÓŁKA Z O.O.,2016-01-20
350,IMBRAMOWSKA,34,"KWAŚNIEWSKA EWA, WOJDYGA TOMASZ",2017-12-31
351,ISEP,9,LOBO SPÓŁKA Z OGRANICZONĄ ODPOWIEDZIALNOŚCIĄ,2015-11-09
352,JACHIMECKIEGO,1,AVANGARDE SPÓŁKA Z O.O.,2016-11-11
353,JAGODOWA,k/bl. 17,ENGLERT ANNA,2015-09-30
354,JANA PAWŁA II,15,LEWIATAN MARKET SPÓŁKA Z OGRANICZONĄ ODPOWIEDZIALNOŚCIĄ,2018-07-13
355,JANOWSKIEGO,124A,"SE-KO SEBASTIAN ZIELENIAK, KONRAD ZIELENIAK SPÓŁKA JAWNA",2016-12-18
356,JANUSZA MEISSNERA,37,GRUPA TOWER SPÓŁKA Z OGRANICZONĄ ODPOWIEDZIALNOŚCIĄ,2018-06-29
357,JAREMY,1,LABISZAK MAŁGORZATA,2017-07-09
358,JAREMY,4,ŻMUDA MAGDALENA,2018-02-11
359,JAREMY,8A,TYTKO SYLWIA,2016-05-30
360,JARZĘBINY,dz.603/7,"TUCZYŃSKA ANNA, TUCZYŃSKI GRZEGORZ",2017-01-30
361,JARZĘBINY,działka nr 603/7,TUCZYŃSKI GRZEGORZ,2018-09-07
362,JASNOGÓRSKA,2,MAKRO CASH AND CARRY POLSKA SPÓŁKA AKCYJNA,2016-12-02
363,JASNOGÓRSKA,2B,POLSKI KONCERN NAFTOWY ORLEN,2016-01-20
364,JERZMANOWSKIEGO,38,MARKET- DETAL SPÓŁKA Z OGRANICZONĄ ODPOWIEDZIALNOŚCIĄ SPÓŁKA JAWNA,2016-04-04
365,JERZMANOWSKIEGO,12A,JERONIMO MARTINS POLSKA SPÓŁKA AKCYJNA,2016-10-15
366,JERZMANOWSKIEGO,44A,DZIEDZIC WOJCIECH,2015-12-19
367,JEZIORKO,23,RZEPIEŃ LESZEK,2017-03-15
368,JEZIORKO,36A,"BOCZKOWSKI KRZYSZTOF, BOCZKOWSKI ŁUKASZ",2018-05-31
369,JOSELEWICZA,28,JERONIMO MARTINS POLSKA S.A.,2016-08-19
370,JÓZEFA,1,CORLEONE SPÓŁKA Z O.O.,2016-10-22
371,JÓZEFA BRODOWICZA,16,ROSÓŁ KRZYSZTOF,2018-08-09
372,JÓZEFA IGNACEGO KRASZEWSKIEGO,19,"STEFAŃSKI ANDRZEJ, STEFAŃSKI ZBIGNIEW",2018-07-02
373,JÓZEFA MACKIEWICZA,17,ELEA POLSKA SPÓŁKA Z O.O.,2018-07-16
374,JÓZEFA MACKIEWICZA,21-23,GRUCHAŁA CZESŁAW,2018-06-13
375,JÓZEFA MACKIEWICZA,2A,KASPERCZYK MAREK,2018-08-03
376,KALINOWE,12,SPOŁEM POWSZECHNA SPÓŁDZIELNIA SPOŻYWCÓW NOWA HUTA W KRAKOWIE,2018-07-07
377,KALINOWE,12C,SAMOLEJ DOROTA,2018-05-19
378,KALWARYJSKA,1,GRZESIAK WOJCIECH,2016-04-14
379,KALWARYJSKA,16,"KOJS MAŁGORZATA, KOWALCZYK RYSZARD",2016-05-07
380,KALWARYJSKA,24,GRUPA AMEX SPÓŁKA Z O.O.,2017-04-30
381,KALWARYJSKA,48,HRENCZAREK MARIUSZ,2016-09-24
382,KALWARYJSKA,56,NIKIEL PIOTR,2018-05-04
383,KALWARYJSKA,88,SROGA BOGUSŁAWA,2018-04-29
384,KALWARYJSKA,41/1,BARTELA JADWIGA,2016-03-15
385,KALWARYJSKA,5/ lok.10,ŁOZIŃSKI DOMINIK,2017-06-22
386,KALWARYJSKA,"68/śliska 9 U3,U4,U5",KUSAK RAFAŁ,2018-08-31
387,KALWARYJSKA,"68/Śliska9 lok.U3,U4",SPYRA KLAUDIA,2017-04-24
388,KAMEDULSKA,18,KŁAPUT  SŁAWOMIR,2018-04-23
389,KAMIENIECKA,16,MEGANA SPÓŁKA Z OGRANICZONĄ ODPOWIEDZIALNOŚCIĄ,2017-12-07
390,KAMIENNA,18,POLSKI KONCERN NAFTOWY ORLEN SPÓŁKA  AKCYJNA,2016-05-17
391,KAMIEŃSKIEGO,11,AUCHAN POLSKA SPÓŁKA Z O.O.,2017-12-31
392,KAMIEŃSKIEGO,43,JERONIMO MARTINS POLSKA SPÓŁKA AKCYJNA,2016-07-07
393,KAMIEŃSKIEGO,57,PERNET JACEK,2016-10-25
394,KANTOROWICKA,173,BROŚ-SKALSKA ALICJA,2020-03-10
395,KAPELANKA,2,BP EUROPA SE SPÓŁKA EUROPEJSKA ODDZIAŁ W POLSCE,2016-12-12
396,KAPELANKA,11,STAWIARSKA ANNA,2017-11-17
397,KAPELANKA,14,LOTOS PALIWA SPÓŁKA Z O.O.,2016-02-15
398,KAPELANKA,30,R&MOTOSPORT OIL SPÓŁKA Z O.O.,2018-02-19
399,KAPELANKA,42,TESCO (POLSKA) SPÓŁKA Z O.O.,2017-12-02
400,KAPELANKA,54,TESCO (POLSKA) SPÓŁKA Z O.O.,2018-02-18
401,KAPELANKA,54,TESCO (POLSKA) SPÓŁKA Z O.O.,2018-07-16
402,KAPELANKA,15B,"ROZKOSZ PIOTR, STANOWSKI PAWEŁ",2016-03-17
403,KAPELANKA,15D,WÓJCIK EWA,2018-05-18
404,KAPELANKA,6A lok.17U,DUDEK EWELINA,2017-02-27
405,KARMELICKA,12,NABEEL RASHED,2017-04-27
406,KARMELICKA,42,KOCYK SPÓŁKA Z O.O. SPÓŁKA KOMANDYTOWA,2018-02-25
407,KARMELICKA,47,KEFIREK SPÓŁKA AKCYJNA,2018-04-10
408,KARMELICKA,51,SYGA TOMASZ,2017-09-30
409,KARMELICKA,57,DĄBROWSKI ADAM,2016-07-05
410,KARMELICKA,64 lok.2,GRZYBOWSKI KRZYSZTOF,2017-03-03
411,KAWIORY,2,NIEDZIÓŁKA ALICJA,2016-10-08
412,KAWIORY,20,KACZOROWSKI ANDRZEJ,2018-02-09
413,KAZIMIERZA MORAWSKIEGO,5,KOCYK SPÓŁKA Z O.O. SPÓŁKA KOMANDYTOWA,2018-05-26
414,KAZIMIERZA WIELKIEGO,1,"OBRĘBSKA ALINA, OBRĘBSKI ŁUKASZ",2018-08-31
415,KAZIMIERZA WIELKIEGO,22,KACZMAREK GRAŻYNA,2016-06-24
416,KAZIMIERZA WIELKIEGO,34,LAL KATARZYNA,2016-05-13
417,KAZIMIERZA WIELKIEGO,42,SAMBA SPÓŁKA Z O.O.,2016-11-15
418,KAZIMIERZA WIELKIEGO,43,ORGANIC FARMA ZDROWIA SPÓŁKA AKCYJNA,2016-07-21
419,KAZIMIERZA WIELKIEGO,58,RYŚ IRENEUSZ,2018-05-14
420,KAZIMIERZA WIELKIEGO,61,MAX SPÓŁKA Z OGRANICZONĄ ODPOWIEDZIALNOŚCIĄ,2018-05-04
421,KAZIMIERZA WIELKIEGO,117,GAMAT 2 SPÓŁKA Z O.O.,2016-11-24
422,KAZIMIERZA WIELKIEGO,121,POLSKI KONCERN NAFTOWY ORLEN SPÓŁKA AKCYJNA,2016-05-30
423,KAZIMIERZA WIELKIEGO,82A,SZCZYPCZYK BARBARA,2016-12-19
424,KAZIMIERZA WYKI,10A,HANDLOWA SPÓŁDZIELNIA JUBILAT,2017-02-14
425,KĄCIK,2,P.P.H. MISTMA M.B.MIKUŁA - SPÓŁKA JAWNA,2016-01-01
426,KĄCIK,3,USTRZYCKA KAMILA,2017-12-30
427,KĄCIK,13,"PRZEDSIĘBIORSTWO HANDLOWO-USŁUGOWE ZACHĘTA ZBIGNIEW KALETA, ADAM KALETA SPÓŁKA JAWNA",2017-06-15
428,KĄKOLOWA,15A,KALISZ SYLWESTER,2018-03-17
429,KĄPIELOWA,75,"SZNAPKA MAREK, SZNAPKA-STYLO MAŁGORZATA",2016-03-18
430,KIJOWSKA,57/LU5,CHORZĘPA JAN,2018-06-05
431,KLASZTORNA,23,SPOŁEM POWSZECHNA SPÓŁDZIELNIA SPOŻYWCÓW NOWA HUTA W KRAKOWIE,2016-07-15
432,KLASZTORNA,31/1,"FERDEK DOROTA, SOLAWA ANNA",2016-06-05
433,KLASZTORNA,2A,SCHWENK LESŁAW,2018-05-24
434,KLONOWICA,24,KAPUSTA KRYSTIAN,2016-06-19
435,KLUCZBORSKA,48/2U,KOWALSKA DOROTA,2016-01-31
436,KŁUSZYŃSKA,14,"GAJNIAK BARBARA, GAJNIAK SŁAWOMIR",2016-11-16
437,KNIAŹNINA,1,JERONIMO MARTNS POLSKA SPÓŁKA AKCYJNA,2018-05-20
438,KOBIERZYŃSKA,42,DNS SPÓŁKA Z O.O.,2017-01-12
439,KOBIERZYŃSKA,73,ZAPAŁ ZBIGNIEW,2017-10-29
440,KOBIERZYŃSKA,93,SKLEP WIELOBRANŻOWY FAVORIT DULIŃSCY SPÓŁKA JAWNA,2018-04-02
441,KOBIERZYŃSKA,106,LIDL POLSKA SKLEPY SPOŻYWCZE SPÓŁKA Z O.O.SPÓŁKA KOMANDYTOWA,2016-11-19
442,KOBIERZYŃSKA,123,FIRMA HANDLOWO-USŁUGOWA ŁUKASIK STANISŁAW ŁUKASIK SPÓŁKA JAWNA,2017-05-11
443,KOBIERZYŃSKA,220,ANTOS WIOLETTA,2016-05-12
444,KOBIERZYŃSKA,123A,SURMACZ STANISŁAWA,2017-09-11
445,KOBIERZYŃSKA,198A,TEOFIL ŻMUDA,2017-09-30
446,KOBIERZYŃSKA,54A,DĄBROWSKI ADAM,2017-09-30
447,KOBIERZYŃSKA,61A,"STANEK MARZENA, STANEK ROBERT",2017-12-31
448,KOBIERZYŃSKA,61A/lok.2,"BUCZAK-STANEK KATARZYNA, STANEK DANIEL, STANEK JAN",2017-12-31
449,KOBIERZYŃSKA,62A,"GODULA-ŁUSZCZEK RENATA, ŁUSZCZEK ŁUKASZ",2018-01-06
450,KOCMYRZOWSKA,14,MUCHA MAREK,2018-06-20
451,KOCMYRZOWSKA,43,"CISZEWSKI PRZEMYSŁAW, CISZEWSKI CZESŁAW, CISZEWSKI ADAM",2018-03-25
452,KOCMYRZOWSKA,2 B,LIDL POLSKA SKLEPY SPOŻYWCZESPÓŁKA Z OGRANICZONĄ ODPOWIEDZIALNOŚCIĄ SPÓŁKA KOMANDYTOWA,2018-01-31
453,KOŁODZIEJSKA,8,MURZYN CZESŁAWA,2018-06-16
454,KOMANDOSÓW,1,POZNAŃSKA-CHLEBDA KAZIMIERA,2016-11-12
455,KOMANDOSÓW,8,MARKET - DETAL SPÓŁKA Z OGRANICZONĄ ODPOWIEDZIALNOŚCIĄ SPÓŁKA JAWNA,2016-03-15
456,KOMANDOSÓW,21,SUŁKOWSKA ANNA,2016-02-12
457,KOMBATANTÓW,16A,KAUFLAND POLSKA MARKETY SPÓŁKA Z O.O SPÓŁKA KOMANDYTOWA,2018-09-08
458,KOMUNY PARYSKIEJ,1A,STOKROTKA SPÓŁKA Z O.O.,2016-01-24
459,KONOPNICKIEJ,33,HOTELS GLOBAL INVESTMENT GROUP SPÓŁKA Z O.O.,2017-02-16
460,KONOPNICKIEJ,78,SHELL POLSKA SPÓŁKA Z O.O.,2016-08-03
461,KONOPNICKIEJ,92A,"TUCZYŃSKA ANNA, TUCZYŃSKI GRZEGORZ",2017-12-31
462,KORDECKIEGO,13,PIASKOWSKI KRZYSZTOF,2015-12-08
463,KORDIANA,64C,"WRÓBEL PRZEMYSŁAW, WRÓBEL WOJCIECH, ŚLEDŹ  MARIUSZ",2018-08-24
464,KORDYLEWSKIEGO,1,FLESZAR WALDEMAR,2017-04-07
465,KORZENIAKA,5,MATYSIK RAFAŁ,2016-04-24
466,KOSZYKARSKA,27A,SKLEP WIELOBRANŻOWY KORAL A.Z. KALETA SPÓŁKA JAWNA,2017-10-08
467,KOSZYKARSKA,31A lok.B-1,KUBIESA ALEKSANDRA,2018-01-14
468,KOŚCIUSZKI,5,HEKON HOTELE EKONOMICZNE S.A.,2017-03-17
469,KOŚCIUSZKI,48,DUSIK PAWEŁ,2016-10-13
470,KOŚCIUSZKI,71,ALMA MARKET SPÓŁKA AKCYJNA,2016-09-19
471,KOŚCIUSZKI,73,KOCYK SPÓŁKA Z O.O. SPÓŁKA KOMANDYTOWA,2018-02-17
472,KOŚCIUSZKI,"27 LU2,LU3",KOCYK SPÓŁKA Z OGRANICZONĄ ODPOWIEDZIALNOŚCIĄ SPÓŁKA KOMANDYTOWA,2018-01-21
473,KOŚCIUSZKOWCÓW,3A,"LELIWA-PRUSZAK RENATA, LELIWA-PRUSZAK ANDRZEJ",2016-05-13
474,KRAKOWSKA,7,ROZPĘDZIK GRAŻYNA,2016-06-13
475,KRAKOWSKA,23,KEFIREK SPÓŁKA AKCYJNA,2017-08-25
476,KRAKOWSKA,29,BENEDICTUS MEMES SPÓŁKA Z OGRANICZONĄ ODPOWIEDZIALNOŚCIĄ,2018-05-25
477,KRAKOWSKA,31,ŚWIATŁOŃ  JAN,2017-06-09
478,KRAKOWSKA,36,KOZERA-PROSTAK MONIKA,2015-09-30
479,KRASICKIEGO,30/79,"WIELECKA ALICJA, ZACZKIEWICZ ROBERT",2016-02-14
480,KROWODERSKA,24,PALUCH PIOTR,2017-07-13
481,KROWODERSKA,59,ZIEMBICKI ZYGMUNT,2017-10-13
482,KROWODERSKA,75,LEMA SPÓŁKA Z OGRANICZONĄ ODPOWIEDZIALNOŚCIĄ,2018-05-04
483,KROWODERSKA,37/3,"TOCZEK ROBERT, SAŁAPA PAWEŁ",2016-05-31
484,KROWODERSKICH ZUCHÓW,18,"BOBEK JOLANTA, BOBEK ROBERT",2017-08-12
485,KROWODERSKICH ZUCHÓW,22,AD-SYSTEM SPÓŁKA Z OGRANICZONĄ ODPOWIEDZIALNOŚCIĄ,2018-05-23
486,KROWODERSKICH ZUCHÓW,15C,CHMIEL JAROSŁAW,2018-03-09
487,KROWODERSKICH ZUCHÓW,17A,"DOMAGAŁA BOGDAN, GRZYWA JANUSZ",2018-01-17
488,KROWODERSKICH ZUCHÓW,21B,KOWALSKA DOROTA,2018-06-28
489,KROWODERSKICH ZUCHÓW,21C,TUCZYŃSKA ANNA,2016-04-25
490,KROWODERSKICH ZUCHÓW,24/66,KOZŁOWSKA MONIKA,2017-02-03
491,KRÓLEWSKA,49,HEAN DELIKATES KRÓLEWSKI ALINA SZELĄG SPÓŁKA JAWNA,2018-06-05
492,KRÓLEWSKA,52,GAMAT SPÓŁKA Z O.O.,2016-11-05
493,KRÓLEWSKA,92,P&W SPÓŁKA Z O.O.,2015-11-08
494,KRÓLEWSKA,82/U1,GRUCHAŁA MATEUSZ,2018-06-09
495,KRÓLOWEJ JADWIGI,5,PRO ALKO GRUP SPÓŁKA Z OGRANICZONĄ ODPOWIDZIALNOŚCIĄ,2018-03-29
496,KRÓLOWEJ JADWIGI,77,"DOLAŚ JANINA, KASZA PRZEMYSŁAW",2015-12-07
497,KRÓLOWEJ JADWIGI,130,OZIĘBŁO MAREK,2015-12-09
498,KRÓLOWEJ JADWIGI,135,ZIĘBA JACEK,2017-11-19
499,KRÓLOWEJ JADWIGI,238,KOC ANDRZEJ,2017-02-13
500,KRÓLOWEJ JADWIGI,242,KRAKOWSKI TOMASZ,2017-07-10
501,KRÓLOWEJ JADWIGI,248,BACÓWKA TOWARY TRADYCYJNE SPÓŁKA Z O.O. SPÓŁKA KOMANDYTOWA,2016-03-04
502,KRÓLOWEJ JADWIGI,111 B,ŁĄCZKA TOMASZ,2017-04-27
503,KRÓLOWEJ JADWIGI,146 A,GRAND CRU SPÓŁKA AKCYJNA,2017-08-24
504,KRÓLOWEJ JADWIGI,152A,"MIĘDLAR  MAŁGORZATA, MIĘDLAR JANINA",2016-02-11
505,KRUPNICZA,8,SIERANT LESZEK,2018-03-22
506,KRZYWDA,19,CZERNECKI JACEK,2017-09-24
507,KRZYŻAŃSKIEGO,43,SZOPA RYSZARD,2017-02-09
508,KS. ADOLFA ZAGRODZKIEGO,3/4,"DZIARNOWSKA MARZENA, OLBRYCHTOWICZ ANDRZEJ",2018-07-31
509,KS. JÓZEFA MEIERA,20B,FIRMA HANDLOWO-USŁUGOWA ŁUKASIK STANISŁAW ŁUKASIK SPÓŁKA JAWNA,2018-07-02
510,KS. KAZIMIERZA SIEMASZKI,33A,KACZMARSKA MALWINA,2018-06-14
511,KSIĘCIA JÓZEFA,196A,SZUMIEC MAŁGORZATA,2018-02-28
512,KSIĘDZA BISKUPA BANDURSKIEGO,21,PAJOR BARTŁOMIEJ,2016-01-31
513,KSIĘDZA BISKUPA BANDURSKIEGO,48,WOJNOWSKI STANISŁAW,2016-04-20
514,KSIĘDZA GURGACZA,7,MROCZEK ANNA,2016-10-07
515,KSIĘDZA KUCZKOWSKIEGO,1,"FIRMA HANDLOWO-USŁUGOWA M.M.SPÓŁKA JAWNA ANDRZEJ, ELŻBIETA MĘDREK,BOGDAN MIROSZEWSKI ZOFIA ZDANOWSKA-MIROSZEWSKA",2016-09-30
516,KSIĘDZA MACHAYA,1,HANDLOWA SPÓŁDZIELNIA JUBILAT,2016-07-19
517,KSIĘDZA MEIERA,13,JERONIMO MARTINS POLSKA SPÓŁKA AKCYJNA,2016-02-29
518,KSIĘDZA SIEMASZKI,31,ŚWIDEREK-GUTOWSKA BEATA,2015-10-03
519,KSIĘDZA SIEMASZKI,31,ŻYLSKI ZENON,2018-01-12
520,KSIĘDZA ŚCIEGIENNEGO,67 A,AD - SYSTEM SPÓŁKA Z OGRANICZONĄ ODPOWIEDZIALNOŚCIĄ,2017-11-26
521,KSIĘDZA TISCHNERA,10,POLPETROL E. WAWRZYNIAK SPÓŁKA JAWNA,2016-05-24
522,KUNICKIEGO,5,"SAMEK OLAF, SAMEK ADAM",2017-01-13
523,KURCZABA,3,"JANAWA AGNIESZKA, NOGA MAGDALENA",2018-02-09
524,KURCZABA,3,AD-SYSTEM SPÓŁKA Z O.O.,2018-03-27
525,KURCZABA,31,NOWICKA ANGELINA,2015-09-14
526,KURCZABA,27A,"NIEDBAŁA-WRÓBEL MARIA, STOKŁOSA JANUSZ, STOKŁOSA ANNA",2016-03-12
527,KURNIKI,7,"FUDAŁA DANUTA, FUDAŁA SŁAWOMIR",2017-12-31
528,KURYŁOWICZA,27,ADAMCZAK MAŁGORZATA,2016-03-22
529,KURYŁOWICZA,89,GÓRA WANDA,2017-03-07
530,KUŹNICY KOŁŁĄTAJOWSKIEJ,13,KUŹNICA MARKET SPÓŁKA Z OGRANICZONĄ ODPOWIEDZIALNOŚCIĄ,2016-04-28
531,KUŹNICY KOŁŁĄTAJOWSKIEJ,22,GALOS MAGDALENA,2016-01-08
532,KUŹNICY KOŁŁĄTAJOWSKIEJ,90,DYLĄG KRZYSZTOF,2018-02-10
533,KUŹNICY KOŁŁĄTAJOWSKIEJ,4A,RUSIECKA IZABELA,2017-08-27
534,LANDAUA,13,"MARDYŁA ZOFIA, SIEMBAB JOANNA",2016-12-21
535,LANGIEWICZA,6,STRONCZAK JERZY,2017-01-17
536,LASÓWKA,42,OBRZUT IRENA,2017-06-14
537,LEA,26,SWAJDO PAWEŁ,2017-12-12
538,LEA,53,CARREFOUR POLSKA SP. Z O.O.,2015-10-20
539,LEA,86,"OBRĘBSKA ALINA, OBRĘBSKI ŁUKASZ",2017-05-16
540,LEA,99,EMBARGO SP. Z O.O.,2017-08-24
541,LEA,11B,RYŚ IRENEUSZ,2017-09-13
542,LEA,20B,GRUDZIŃSKA KATARZYNA,2016-02-19
543,LEA,5 lok.nr1,POZNAŃSKA EWA,2017-12-04
544,LEA,90A,BIGOSZ EWA,2016-04-30
545,LEGIONÓW PIŁSUDSKIEGO,13,PAWICKI PRZEMYSŁAW,2016-12-10
546,LEONA PETRAŻYCKIEGO,10/8,"PIEPRZYCA DOROTA, PIEPRZYCA JAROSŁAW",2018-06-13
547,LEONA PETRAŻYCKIEGO,64C,KONIECZKOWICZ ARTUR,2018-08-25
548,LIBROWSZCZYZNA,1C,ROJARLEAS SPÓŁKA Z OGRANICZONĄ ODPOWIEDZIALNOŚCIĄ,2018-05-19
549,LILLI WENEDY,1,MARKET - DETAL SPÓŁKA Z OGRANICZONĄ ODPOWIEDZIALNOŚCIĄ SPÓŁKA JAWNA,2016-04-04
550,LIMANOWSKIEGO,20,KAMIENIARZ JAN,2017-01-12
551,LIMANOWSKIEGO,24,JURECKI RYSZARD,2015-09-17
552,LINDEGO,1,MLECZARSKA SPÓŁDZIELNIA PRACY WIDOK,2016-03-19
553,LINDEGO,1,DP POLSKA SPÓŁKA AKCYJNA,2017-06-16
554,LINDEGO,1C,LIDL POLSKA SKLEPY SPOŻYWCZE SPÓŁKA Z O.O. SPÓŁKA KOMANDYTOWA,2015-09-26
555,LIPIŃSKIEGO,14,MIROŃCZUK BARBARA,2016-03-18
556,LIPOWA,6E,WOŹNIAK PAWEŁ,2018-06-21
557,LIPOWA,6F,"JAROSZ JANUSZ, WOŹNIAK PAWEŁ",2016-10-14
558,LIPOWSKIEGO,33,STANULA KRZYSZTOF,2016-02-20
559,LIPSKA,2,BP EUROPA SE SPÓŁKA EUROPEJSKA ODDZIAŁ W POLSCE,2017-02-15
560,LIPSKA,28,JERONIMO MARTINS POLSKA SPÓŁKA AKCYJNA,2015-09-27
561,LIPSKA,53,DNS SPÓŁKA Z O.O.,2016-02-23
562,LIPSKA,53/7B,ŁUKÓW EWA,2018-05-25
563,LITEWSKA,dz.112 obr 46- 046,KARKOSZKA STANISŁAW,2018-06-08
564,LNIANA,2,HANDLOWA SPÓŁDZIELNIA JUBILAT,2018-06-09
565,LUBICZ,26,JOLANTA HALEWSKA-KOWALSKA,2015-09-19
566,LUBICZ,32,"JĘDROSZ MICHAŁ, JANAWA TOMASZ",2017-03-03
567,LUBICZ,17A,PIOTR I PAWEŁ DETAL SPÓŁKA Z OGRANICZONĄ ODPOWIEDZIALNOŚCIĄ,2017-12-10
568,LUBICZ,17J,BROWAR LUBICZSPÓŁKA Z O.O. SPÓŁKA KOMANDYTOWA,2018-08-30
569,LUBLAŃSKA,16A,STATOIL FUEL & RETAIL POLSKA SPÓŁKA Z OGRANICZONĄ ODPOWIEDZIALNOŚCIĄ,2015-11-29
570,LUBOCKA,99,WÓJCIK BARBARA,2018-01-14
571,LUBOCKA,116,BROŚ HALINA,2018-05-05
572,LUBOMIRSKIEGO,51,TUCZYŃSKI GRZEGORZ,2016-10-11
573,LUBOSTROŃ,15,PIOTR I PAWEŁ DETAL SPÓŁKA Z O.O.,2018-03-10
574,LUBOSTROŃ,39,SKWAREK TADEUSZ,2018-06-17
575,LUBOSTROŃ,22G/OU8,SIKORA JAROSŁAW,2018-05-25
576,LWOWSKA,22,LASKOWSKA JANINA,2017-06-30
577,ŁEPKOWSKIEGO,3,JERONIMO MARTINS POLSKA SPÓŁKA AKCYJNA,2018-02-14
578,ŁOBZOWSKA,2,SZCZYPCZYK KONRAD,2016-09-10
579,ŁOWIŃSKIEGO,18,ROGÓŻ JÓZEF,2017-05-22
580,ŁUTNIA,46,ŚLUSARCZYK AGNIESZKA,2017-09-01
581,ŁUŻYCKA,22,WRONA KAZIMIERZ,2017-05-18
582,ŁUŻYCKA,25,RUDY WERONIKA,2018-07-12
583,ŁUŻYCKA,32,WINIARSKA IZABELA,2017-12-31
584,ŁUŻYCKA,40,POLSKI KONCERN NAFTOWY ORLEN SPÓŁKA AKCYJNA,2016-06-14
585,ŁUŻYCKA,55,MASAJADA WANDA,2017-07-17
586,ŁUŻYCKA,55,STOKROTKA SPÓŁKA Z OGRANICZONĄ ODPOWIEDZIALNOŚCIĄ,2018-04-16
587,ŁUŻYCKA,80,ZIENTARSKA JOANNA,2017-05-15
588,ŁUŻYCKA,41A,"JELONEK PAWEŁ, JELONEK KATARZYNA",2017-03-16
589,ŁUŻYCKA,43 F,JERONIMO MARTINS POLSKA SPÓŁKA AKCYJNA,2016-05-12
590,ŁUŻYCKA,73 C,OLSZAŃSKA DOROTA,2017-04-17
591,MACEDOŃSKA,k/bl. nr 6,MADEJSKI PAWEŁ,2017-02-25
592,MACKIEWICZA,17A,VIENNA G.R.SPÓŁKA Z O.O.,2016-09-30
593,MACKIEWICZA,2A,SZAREK MIROSŁAW,2017-04-06
594,MADALIŃSKIEGO,3,BOBEK ROBERT,2017-09-22
595,MADALIŃSKIEGO,8,MLECZARSKA SPÓŁDZIELNIA PRACY WIDOK,2016-01-14
596,MADALIŃSKIEGO,19,KOCYK SPÓŁKA Z O.O.  SPÓŁKA KOMANDYTOWA,2018-02-19
597,MAJORA,5B/LU1,RAŹNA BEATA,2017-02-13
598,MAJORA ŁUPASZKI,17/LU3,KWIATKOWSKI BOGUSŁAW,2017-04-25
599,MAJÓWNY,13,HANDLOWA SPÓŁDZIELNIA JUBILAT,2016-07-19
600,MAKOWSKIEGO,4,AD - SYSTEM SPÓŁKA Z OGRANICZONĄ ODPOWIEDZIALNOŚCIĄ,2015-09-10
601,MAKOWSKIEGO,6,"SKLEP SPOŻYWCZY KANPOL J.BOBEK, B. BOBEK, K. BOBEK SPÓŁKA JAWNA",2016-04-29
602,MAKOWSKIEGO,18A,HANDLOWA SPÓŁDZIELNIA JUBILAT,2016-01-20
603,MAKUSZYŃSKIEGO,15,KUCHARSKA RENATA,2017-05-30
604,MAKUSZYŃSKIEGO,17,FIRMA HANDLOWA SIENCZYŁO SPÓŁKA JAWNA,2015-09-27
605,MAKUSZYŃSKIEGO,26,ESSON SPÓŁKA Z O.O.,2017-04-16
606,MAKUSZYŃSKIEGO,4A,TWIGG SPÓŁKA Z O.O.,2017-10-31
607,MALBORSKA,1,BP EUROPASPÓŁKA EUROPEJSKA ODDZIAŁ W KRAKOWIE,2016-03-15
608,MALBORSKA,35,BEŁZA-SOŚNICKA KATARZYNA,2017-06-17
609,MALBORSKA,69,MONOLIHT TRADING SPÓŁKA Z O.O.,2018-01-28
610,MAŁA GÓRA,16,GRZESIAK ANDRZEJ,2016-07-05
611,MAŁA GÓRA,16,SUCHAN ZOFIA,2016-09-16
612,MAŁA GÓRA,16,KMIECIK MACIEJ,2018-08-05
613,MAŁA GÓRA,97,JERONIMO MARTINS POLSKA SPÓŁKA AKCYJNA,2016-09-10
614,MAŁA GÓRA,14C/LU3,BACA BEATA,2019-09-11
615,MAŁY PŁASZÓW,4,KOREPTA KATARZYNA,2017-06-01
616,MARCHOŁTA,28,"ŚWIĘTEK AGNIESZKA, ŚWIĘTEK KAMIL",2016-02-22
617,MARCZYŃSKIEGO,2/51,"ZIELENIAK SEBASTIAN, MUSIAŁ ADAM",2018-04-12
618,MARKOWSKIEGO,6/2A,"NOSEK MAREK, NOSEK KONRAD",2016-04-18
619,MARSZAŁKA PIŁSUDSKIEGO,7/1,GODULA-BATKO MAGDALENA,2015-10-07
620,MATEMATYKÓW KRAKOWSKICH,88,URBANIK MARTA,2018-04-08
621,MAZOWIECKA,9,KŁÓSEK BOGUMIŁA,2017-09-06
622,MAZOWIECKA,16,MARKET PUNKT 4 PL SPÓŁKA Z O.O. SPÓŁKA KOMANDYTOWA,2017-05-22
623,MAZOWIECKA,32,KOWALCZYK TOMASZ,2017-04-07
624,MAZOWIECKA,88,HANDLOWA SPÓŁDZIELNIA JUBILAT,2018-07-02
625,MAZOWIECKA,88/7,DNS SPÓŁKA Z O.O.,2018-09-07
626,MAZOWIECKA,4-6,SPOŁEM POWSZECHNA SPÓŁDZIELNIA SPOŻYWCÓW ZGODA W KRAKOWIE,2018-04-21
627,MAZOWIECKA,28B,SZYMCZYK GRZEGORZ,2016-05-06
628,MEDWECKIEGO,2,CARREFOUR POLSKA SPÓŁKA Z O.O.,2017-06-30
629,MEDWECKIEGO,2 LOK.074a,DP POLSKA SPÓŁKA AKCYJNA,2017-11-19
630,MEHOFFERA,4A,ROJARLEAS SPÓŁKA Z O.O.,2017-08-13
631,MEISELSA,3,SZULC MAŁGORZATA,2016-02-21
632,MEISELSA,20/1U,SUMERA EWELINA,2018-03-03
633,MEISSNERA,19,PŁOTKOWIAK JOANNA,2017-03-25
634,MEISSNERA,30,PODWAWELSKA SPÓŁDZIELNIA SPOŻYWCÓW,2015-10-06
635,MEISSNERA,37,NAN SPÓŁKA Z O.O.,2017-10-07
636,MICHAŁA STACHOWICZA,"17LM3,15LU1,L U2,LU3,13 nr 4i3",MASZOREK  ARKADIUSZ,2018-08-11
637,MICHAŁOWSKIEGO,1/1A,OLEKSY JACEK,2016-09-02
638,MIECHOWITY,5 A,DZIADOŃ - PITALA BEATA,2017-07-09
639,MIECHOWITY,19C,"GOŁĘBIOWSKI PAWEŁ, BUŁKA GRZEGORZ",2017-12-31
640,MIECHOWITY,21A,GLAZ MARIA,2015-10-02
641,MIECHOWITY,21A,KACZOR JADWIGA,2018-04-08
642,MIKOŁAJSKA,12,"ZIELENIAK SEBASTIAN, MUSIAŁ ADAM",2018-04-04
643,MIŁKOWSKIEGO,3/lok.4,JERONIMO MARTINS POLSKA SPÓŁKA AKCYJNA,2017-01-27
644,MIŁKOWSKIEGO,K/BL.NR 8,"GOŁĘBIOWSKI PAWEŁ, BUŁKA GRZEGORZ",2017-12-31
645,MIODOWA,13,KOCYK SPÓŁKA Z OGRANICZONĄ DZIAŁALNOŚCIĄ SPÓŁKA KOMANDYTOWA,2018-01-19
646,MIODOWA,21,KOCIOŁEK BEATA,2017-09-07
647,MIODOWA,28,"DARIA DUDEK, MOMOT PAWEŁ",2018-04-30
648,MIODOWA,31,SZULC MAŁGORZATA,2017-03-31
649,MIROSŁAWA KRZYŻAŃSKIEGO,5,"DROŻDŻ DARIUSZ, SZULC KAMIL",2018-05-28
650,MIROWSKA,201,BP EUROPA SE SPÓŁKA EUROPEJSKA ODDZIAŁ W POLSCE,2017-12-31
651,MISTRZEJOWICE,5,"PRZEDSIĘBIORSTWO HANDLOWO-USŁUGOWE ZACHĘTA ZBIGNIEW KALETA,ADAM KALETA SPÓŁKA JAWNA",2018-05-24
652,MISTRZEJOWICKA,49C,STĘPIEŃ KATARZYNA,2018-02-09
653,MIŚNIEŃSKA,87,ELEA POLSKA SPÓŁKA Z OGRANICZONĄ ODPOWIEDZIALNOŚCIĄ,2018-09-08
654,MŁYŃSKA,8,DĄBEK DAWID,2015-11-22
655,MŁYŃSKA,8,WIELECKI WIKTOR,2017-05-09
656,MŁYŃSKA BOCZNA,20,TRYBUŚ EDYTA,2016-12-31
657,MOCHNANIEC,1,BIEL MAGDALENA,2015-12-19
658,MOGILSKA,40,KEFIREK SPÓŁKA AKCYJNA,2018-04-10
659,MOGILSKA,59,KRUPA DANUTA,2017-02-09
660,MOGILSKA,69,MAŁPKA SPÓŁKA AKCYJNA,2017-04-01
661,MOGILSKA,81,STATOIL FUEL & RETAIL POLSKA SPÓŁKA Z OGRANICZONĄ ODPOWIEDZIALNOŚCIĄ,2016-08-09
662,MOGILSKA,122,POLSKI KONCERN NAFTOWY ORLEN SPÓŁKA AKCYJNA,2017-04-29
663,MOGILSKA,123/70,"GĘŚLA KAMIL, REICHERT ŁUKASZ",2018-01-20
664,MOGILSKA,13B,STANUCH RAFAŁ,2018-08-09
665,MOGILSKA,15B/lok.1,ROGALA DARIUSZ,2018-04-24
666,MOGILSKA,42-56,MEGA SPÓŁKA Z OGRANICZONĄ ODPOWIEDZIALNOŚCIĄ,2016-09-27
667,MOGILSKA,57/U1,TAŃCULA KONRAD,2018-06-23
668,MOGILSKA,68 lok.LU,KRUPA DANUTA,2018-01-15
669,MOGILSKA,86/15,PAWLINA SPÓŁKA Z OGRANICZONĄ ODPOWIEDZIALNOŚCIĄ,2018-03-15
670,MONTE CASSINO,7,GŁOWACKA-STREJCZEK ANNA,2016-06-09
671,MORCINKA,13,KUŚNIERZ RENATA,2017-10-27
672,MORCINKA,23C,KACZMARCZYK JOANNA,2016-05-12
673,MURARSKA,19/LU3,KORZĘPA RAFAŁ,2018-06-15
674,MYŚLENICKA,130,TOMAŚ JACEK,2016-02-11
675,MYŚLENICKA,131,FIRMA ROGALA EWELINA WÓJCIK-ROGALA I JERZY ROGALA SPÓŁKA JAWNA,2018-06-13
676,MYŚLENICKA,181,GŁUSZAK ANNA,2017-02-13
677,MYŚLENICKA,229,JAŁOCHA ANDRZEJ,2016-09-17
678,MYŚLENICKA,133A,SPÓŁKA JAWNA CITY MARKET ADAM CZEKAHEWSKI I INNI,2018-06-01
679,MYŚLIWSKA,51,KRAK-TAR SPÓŁKA Z OGRANICZONĄ ODPOWIEDZIALNOŚCIĄ,2017-07-24
680,MYŚLIWSKA,76,GĄDEK RAFAŁ,2016-09-02
681,MYŚLIWSKA,78,SIKORA JAN,2017-10-14
682,NA BŁONIE,11B,MARKET PUNKT 4 PL SPÓŁKA Z O.O. SPÓŁKA KOMANDYTOWA,2017-02-20
683,NA BŁONIE,17 A,WACHULEC MIECZYSŁAWA,2017-02-02
684,NA KOZŁÓWCE,3,INTERLEX SPÓŁKA Z O.O.,2016-06-14
685,NA KOZŁÓWCE,10,STOKROTKA SPÓŁKA Z O.O.,2018-06-15
686,NA KOZŁÓWCE,18,AVANGARDE SPÓŁKA Z O.O.,2016-02-19
687,NA KOZŁÓWCE,18,ŚREDNIAWA MARTA,2018-03-18
688,NA KOZŁÓWCE,18 H,PRZYSTAŁ-BARAN ELŻBIETA,2016-08-19
689,NA LOTNISKU,przy bl.9,TUCZYŃSKA ANNA,2018-09-03
690,NA STOKU,5,KUROWSKA ANNA,2018-08-19
691,NA SZANIEC,13,KOMOROWSKI PAWEŁ,2018-06-05
692,NA SZANIEC,14,PODWAWELSKA SPÓŁDZIELNIA SPOŻYWCÓW,2018-08-18
693,NA SZANIEC,23,"ANNA TUCZYŃSKA, TUCZYŃSKI GRZEGORZ",2017-01-15
694,NA ZJEŹDZIE,6 B,SZULC MAŁGORZATA,2017-03-13
695,NAD STRUGĄ,9,"ZBIEŻAK IWONA, MAJAK MAŁGORZATA",2016-07-02
696,NAD SUDOŁEM,8,TUCZYŃSKI GRZEGORZ,2017-12-31
697,NADBRZEZIE,18,ZAGDAŃSKA BARBARA,2017-08-02
698,NADBRZEZIE,1A,CENTRUM MOTORYZACJI P. CZYŻYCKI - SPÓŁKA JAWNA,2015-11-07
699,NADWIŚLAŃSKA,11/321/322,KIEREŚ MARIUSZ,2018-01-16
700,NADWIŚLAŃSKA,3/H1,OPACH KATARZYNA,2017-04-23
701,NAGŁOWICKA,78,"TOKARCZYK DOMINIKA, MIŚ ZENON",2016-11-25
702,NARCIARSKA,2F,PIEGDOŃ RENATA,2017-10-16
703,NARZYMSKIEGO,1,SZUBA-RÓŻANKOWSKA SYLWIA,2016-05-28
704,NARZYMSKIEGO,9,MD SPÓŁKA Z OGRANICZONĄ ODPOWIEDZIALNOŚCIĄ,2016-12-31
705,NEFRYTOWA,4,ANEX SPÓŁKA Z OGRANICZONĄ ODPOWIEDZIALNOŚCIĄ,2018-08-21
706,NIEMCEWICZA,4,JERONIMO MARTINS POLSKA SPÓŁKA AKCYJNA,2015-12-16
707,NIEPOKALANEJ PANNY MARII,46,FUNDANICZ RAFAŁ,2017-06-29
708,NIERÓWNA,2,WOJNAR ROMUALD,2016-05-04
709,NIEWODNICZAŃSKIEGO,75,"DROŻDŻ DARIUSZ, SZULC KAMIL",2017-04-30
710,NIEWODNICZAŃSKIEGO,102,KASPRZYK WOJCIECH,2016-05-16
711,NIEZAPOMINAJEK,1,KWINTA AGNIESZKA,2017-07-13
712,NORYMBERSKA,1,KAUFLAND POLSKA MARKETY SPÓŁKA Z O.O. SPÓŁKA KOMANDYTOWA,2017-12-01
713,NOWOHUCKA,17,LOTOS PALIWA SPÓŁKA Z OGRANICZONĄ ODPOWIEDZIALNOŚCIĄ,2017-07-21
714,NOWOHUCKA,43,TWARDOWSKA EWA,2017-06-09
715,NOWOHUCKA,52,SELGROS SPÓŁKA Z O.O.,2017-10-14
716,NOWOHUCKA,71,POLSKI KONCERN NAFTOWY ORLEN SPÓŁKA AKCYJNA,2018-06-04
717,NOWOSĄDECKA,27 B,"LUTY DANUTA, LUTY MARIAN",2017-02-14
718,NOWOSĄDECKA,2C,TUCZYŃSKA ANNA,2017-04-03
719,NOWOWIEJSKA,29,CORLEONE SPÓŁKA Z O.O.,2018-05-19
720,OBOZOWA,46,SOBOL ARTUR,2018-08-31
721,OBOZOWA,46,"SOBOL GABRIELA, SOBOL ARTUR",2015-09-30
722,OBOZOWA,64/01,STREJCZEK RAFAŁ,2017-09-10
723,OBRONY TYŃCA,18,GIERMEK MARIA,2016-06-25
724,ODRZAŃSKA,6,KOSIŃSKI WIESŁAW,2017-07-07
725,ODRZAŃSKA,"13/LU8, LU9",KRZEŚNIAK JOANNA,2017-04-15
726,OFIAR DĄBIA,12,JERONIMO MARTINS POLSKA SPÓŁKA AKCYJNA,2016-09-11
727,OGRODOWA,10,PURO HOTEL KRAKÓW SP. Z O.O.,2018-08-11
728,OJCOWSKA,27,BĄBKA STANISŁAW,2016-02-22
729,OJCOWSKA,80,"DZIEDZIC SABINA, KRÓL BERNARDETA",2016-05-09
730,OLSZANICKA,174,KRÓL MAREK,2016-08-07
731,OLSZAŃSKA,14,"KALINOWSKI RYSZARD, KALINOWSKA MARIA",2018-05-31
732,OLSZTYŃSKA,1,"PRZEDSIĘBIORSTWO HANDLOWO-USŁUGOWE ZACHĘTA ZBIGNIEW KALETA, ADAM KALETA  SPÓŁKA JAWNA",2018-02-15
733,OPOLSKA,9,LUKOIL POLSKA SPÓŁKA Z OGRANICZONĄ ODPOWIEDZIALNOŚCIĄ,2016-07-18
734,OPOLSKA,37,MARKET PUNKT 4 PL SPÓŁKA Z OGRANICZONĄ ODPOWIEDZIALNOŚCIĄ SPÓŁKA KOMANDYTOWA,2016-06-24
735,OPOLSKA,60,ARGE PALIWA SPÓŁKA Z O.O.,2016-12-12
736,ORLA,62,HANDLOWA SPÓŁDZIELNIA JUBILAT,2018-04-01
737,ORZECHOWA,5,INTERLEX SPÓŁKA Z OGRANICZONĄ ODPOWIEDZIALNOŚCIĄ,2015-09-16
738,ORZECHOWA,5,INTERLEX SP.  Z O.O.,2018-09-16
739,ORZECHOWA,5A,BOŻEK JAN,2016-02-06
740,OS.NIEPODLEGŁOSCI,1,PAWICKI PRZEMYSŁAW,2018-04-09
741,OS.PIASTÓW,przy bl.nr 19,TUCZYŃSKI GRZEGORZ,2018-09-03
742,OSIEDLA NA SKARPIE,39,CEBULA ZBIGNIEW,2018-01-20
743,OSIEDLE 2 PUŁKU LOTNICZEGO,9 A,STODOLNY DARIUSZ,2016-12-09
744,OSIEDLE 2 PUŁKU LOTNICZEGO,1,MEGANA SPÓŁKA Z O.O.,2016-08-20
745,OSIEDLE 2 PUŁKU LOTNICZEGO,1,JERONIMO MARTINS POLSKA SPÓŁKA AKCYJNA,2018-04-09
746,OSIEDLE 2 PUŁKU LOTNICZEGO,24,SKLEP WIELOBRANŻOWY KORAL A.Z. KALETA SPÓŁKA JAWNA,2016-06-04
747,OSIEDLE 2 PUŁKU LOTNICZEGO,44,"P.H.U. ZACHĘTA ZBIGNIEW KALETA, ADAM KALETA SPÓŁKA JAWNA",2016-08-15
748,OSIEDLE 2 PUŁKU LOTNICZEGO,15 A,STODOLNY DARIUSZ,2016-12-09
749,OSIEDLE 2 PUŁKU LOTNICZEGO,1C/7,KOŁAŚ KATARZYN/A,2016-10-10
750,OSIEDLE 2 PUŁKU LOTNICZEGO,50A,PUTEK MAŁGORZATA,2015-10-03
751,OSIEDLE 2 PUŁKU LOTNICZEGO,przy bl. 16,STANUCH RAFAŁ,2016-09-16
752,OSIEDLE ALBERTYŃSKIE,21 B,MUSIAŁ EMILIA,2017-06-15
753,OSIEDLE ALBERTYŃSKIE,22 A,FIRMA HANDLOWA MARKET NA WZGÓRZACH NATKANIEC I SADOWSKA - SPÓŁKA JAWNA,2017-02-20
754,OSIEDLE ALBERTYŃSKIE,27 A,UKLEJA TERESA,2017-08-10
755,OSIEDLE ALBERTYŃSKIE,29A,MEGANA SPÓŁKA Z O.O.,2016-09-29
756,OSIEDLE ALBERTYŃSKIE,k/bl.nr 16,ŻAK WOJCIECH,2016-05-20
757,OSIEDLE BOHATERÓW WRZEŚNIA,2,MUSIAŁ ADAM,2017-07-18
758,OSIEDLE BOHATERÓW WRZEŚNIA,19,"SPOŁEM POWSZECHNA SPÓŁDZIELNIA SPOŻYWCÓW ""NOWA HUTA"" W KRAKOWIE",2017-07-19
759,OSIEDLE BOHATERÓW WRZEŚNIA,26,MARKET-DETAL SPÓŁKA Z OGRANICZONĄ ODPOWIEDZIALNOŚCIĄ SPÓŁKA JAWNA,2017-02-06
760,OSIEDLE BOHATERÓW WRZEŚNIA,48,NOWAK MARIUSZ,2016-09-23
761,OSIEDLE BOHATERÓW WRZEŚNIA,57,AD - SYSTEM SPÓŁKA Z OGRANICZONĄ ODPOWIEDZIALNOŚCIĄ,2018-06-17
762,OSIEDLE BOHATERÓW WRZEŚNIA,76,"TUCZYŃSKA ANNA, TUCZYŃSKI GRZEGORZ",2016-10-11
763,OSIEDLE BOHATERÓW WRZEŚNIA,82,JERONIMO MARTINS POLSKA SPÓŁKA AKCYJNA,2017-10-20
764,OSIEDLE BOHATERÓW WRZEŚNIA,1B,"PRZEDSIĘBIORSTWO HANDLOWO-USŁUGOWE ZACHĘTA ZBIGNIEW KALETA, ADAM KALETA SPÓŁKA JAWNA",2016-05-17
765,OSIEDLE BOHATERÓW WRZEŚNIA,1K,CORLEONE SPÓŁKA Z O.O.,2017-04-03
766,OSIEDLE BOHATERÓW WRZEŚNIA,26A,FLIŚNIK ADAM,2016-11-30
767,OSIEDLE BOHATERÓW WRZEŚNIA,k/bl. 53,BEDNARSKA SABINA,2017-04-29
768,OSIEDLE CENTRUM A,3 lok. U1,KLICHOWSKI ALAN,2018-03-25
769,OSIEDLE CENTRUM B,8,KEFIREK 9 SPÓŁKA Z OGRANICZONĄ ODPOWIEDZIALNOŚCIĄ,2018-03-16
770,OSIEDLE CENTRUM C,4,"SPOŁEM POWSZECHNA SPÓŁDZIELNIA SPOŻYWCÓW ""NOWA HUTA"" W KRAKOWIE",2016-07-18
771,OSIEDLE CENTRUM C,1/U5,GRUCHAŁA MATEUSZ,2017-10-21
772,OSIEDLE CENTRUM C,8A,"DROŻDŻ DARIUSZ, SZULC KAMIL",2017-12-14
773,OSIEDLE CENTRUM D,1 A,MUSIAŁ  ADAM,2016-07-14
774,OSIEDLE CENTRUM D,1,BOSMAN SPÓŁKA Z O.O.,2016-06-08
775,OSIEDLE CENTRUM E,9/1,ZIELENIAK SEBASTIAN,2018-03-01
776,OSIEDLE DYWIZJONU 303,69,SIEMIEŃSKA ANNA,2016-07-14
777,OSIEDLE DYWIZJONU 303,3/2,DUDEK KAMIL,2017-10-14
778,OSIEDLE DYWIZJONU 303,paw.1,WIELECKA ALICJA,2017-01-26
779,OSIEDLE DYWIZJONU 303,14 B,HAJDASZ ANNA,2017-05-21
780,OSIEDLE DYWIZJONU 303,21A,STATOIL FUEL & RETAIL POLSKA SPÓŁKA  Z OGRANICZONĄ ODPOWIEDZIALNOŚCIĄ,2016-03-15
781,OSIEDLE DYWIZJONU 303,51/2A,BIELSKI ANDRZEJ,2017-12-15
782,OSIEDLE DYWIZJONU 303,55A,MUSIAŁ ADAM,2016-03-28
783,OSIEDLE GÓRALI,6,"BRELA IZABELA, BRELA KRZYSZTOF, BRELA MARCIN",2017-10-31
784,OSIEDLE HUTNICZE,1,PRZEDSIĘBIORSTWO HANDLOWE QUASIS SPÓŁKA Z OGRANICZONĄ ODPOWIEDZIALNOŚCIĄ,2017-02-28
785,OSIEDLE HUTNICZE,2/U3,MUSIAŁ TOMASZ,2017-06-11
786,OSIEDLE HUTNICZE,3/U001,MAŁPKA SPÓŁKA AKCYJNA,2017-04-09
787,OSIEDLE JAGIELLOŃSKIE,7,LEWIATAN MARKET SPÓŁKA Z O.O.,2015-11-07
788,OSIEDLE JAGIELLOŃSKIE,19,JERONIMO MARTINS POLSKA SPÓŁKA AKCYJNA,2016-04-22
789,OSIEDLE JAGIELLOŃSKIE,20,JERONIMO MARTINS POLSKA SPÓŁKA AKCYJNA,2016-03-04
790,OSIEDLE JAGIELLOŃSKIE,30A,KRZAN AGNIESZKA,2017-03-09
791,OSIEDLE JAGIELLOŃSKIE,k/bl.nr 22,SACZKA ELŻBIETA,2017-11-09
792,OSIEDLE KALINOWE,4,"GOŁĘBIOWSKI PAWEŁ, BUŁKA GRZEGORZ",2017-12-14
793,OSIEDLE KALINOWE,paw.16,BZDELA ANDRZEJ,2018-01-29
794,OSIEDLE KALINOWE,paw.4 i 5,KORNECKA-SZCZEGIELNIAK BEATA,2017-05-07
795,OSIEDLE KALINOWE,paw.nr 23 i 24,TUCZYŃSKI GRZEGORZ,2017-12-31
796,OSIEDLE KAZIMIERZOWSKIE,30,STĘPIEŃ ANDRZEJ,2016-06-24
797,OSIEDLE KAZIMIERZOWSKIE,30,ŻAK WOJCIECH,2016-05-27
798,OSIEDLE KAZIMIERZOWSKIE,30,"SG TRADE SPÓŁKA JAWNA RYSZARD GACEK, TOMASZ SAMBORSKI",2017-02-07
799,OSIEDLE KAZIMIERZOWSKIE,34,MARKET - DETAL SPÓŁKA Z OGRANICZONĄ ODPOWIEDZIALNOŚCIĄ SPÓŁKA JAWNA,2015-09-15
800,OSIEDLE KAZIMIERZOWSKIE,38,MUSIAŁ EMILIA,2015-09-13
801,OSIEDLE KOLOROWE,10,"PRZEDSIĘBIORSTWO HANDLOWO-USŁUGOWE ZACHĘTA ZBIGNIEW KALETA, ADAM KALETA SPÓŁKA JAWNA",2017-02-07
802,OSIEDLE KOLOROWE,10,"MASŁOWIEC ZENON, KOZAKOWSKA BOGUMIŁA",2015-10-14
803,OSIEDLE KOLOROWE,46,"STANEK STANISŁAWA, STANEK ZBIGNIEW",2018-02-09
804,OSIEDLE KOLOROWE,10A,POLSKI KONCERN NAFTOWY ORLEN SPÓŁKA AKCYJNA,2015-12-07
805,OSIEDLE KOLOROWE,16A,JERONIMO MARTINS POLSKA SPÓŁKA JAWNA,2016-01-10
806,OSIEDLE KOLOROWE,16B,"ZAŁUBSKI STANISŁAW, ZAŁUBSKA GRAŻYNA",2015-09-24
807,OSIEDLE KOLOROWE,przy bl. nr 3,CIEPŁA GRAŻYNA,2018-06-19
808,OSIEDLE KOMBATANTÓW,9,"PRZEDSIĘBIORSTWO HANDLOWO-USŁUGOWE ZACHĘTA ZBIGNIEW KALETA , ADAM KALETA SPÓŁKA JAWNA",2018-01-11
809,OSIEDLE KOMBATANTÓW,14,MARKET-DETAL SPÓŁKA Z OGRANICZONĄ ODPOWIEDZIALNOŚCIĄ SPÓŁKA JAWNA,2017-02-06
810,OSIEDLE KOMBATANTÓW,20,LOTOS PALIWA SPÓŁKA Z O.O.,2015-11-05
811,OSIEDLE KOMBATANTÓW,7 D,MATUSÓW ROBERT,2017-02-09
812,OSIEDLE KOMBATANTÓW,7A,MUSIAŁ ADAM,2017-12-07
813,OSIEDLE KOŚCIUSZKOWSKIE,5,SPOŁEM POWSZECHNA SPÓŁDZIELNIA SPOŻYWCÓW NOWA HUTA W KRAKOWIE,2016-08-20
814,OSIEDLE KOŚCIUSZKOWSKIE,5,"DOKTOR NO MACIEJ JOJCZYK, RAFAŁ NOGA SPÓŁKA JAWNA",2016-05-07
815,OSIEDLE KOŚCIUSZKOWSKIE,12A,KACZMARCZYK JAROSŁAW,2016-05-09
816,OSIEDLE KOŚCIUSZKOWSKIE,6A,ZIMNY ZBIGNIEW,2016-03-03
817,OSIEDLE KRAKOWIAKÓW,22 B,LEWIATAN MARKET SPÓŁKA Z OGRANICZONĄ ODPOWIEDZIALNOŚCIĄ,2017-12-16
818,OSIEDLE MISTRZEJOWICE,przy bloku 5,BODZIOCH ELŻBIETA,2015-11-04
819,OSIEDLE MŁODOŚCI,8/U1,KLICHOWSKA DOROTA,2016-12-09
820,OSIEDLE MOZARTA,1,LEŚNIAK MARCIN,2017-09-21
821,OSIEDLE NA LOTNISKU,4,"SPOŁEM POWSZECHNA SPÓŁDZIELNIA SPOŻYWCÓW ""NOWA HUTA"" W KRAKOWIE",2016-07-19
822,OSIEDLE NA LOTNISKU,10,MATOGA GRZEGORZ,2016-08-05
823,OSIEDLE NA LOTNISKU,12A,SYGNET PAWEŁ,2017-12-31
824,OSIEDLE NA LOTNISKU,przy bl 9,TUCZYŃSKI GRZEGORZ,2016-10-11
825,OSIEDLE NA SKARPIE,20,ADRIAN BOBER,2016-08-08
826,OSIEDLE NA SKARPIE,39,"DEMETER MAŁGORZATA, KARNIA ANDRZEJ",2020-02-16
827,OSIEDLE NA SKARPIE,8A,"TUCZYŃSKA ANNA, TUCZYŃSKI GRZEGORZ",2017-12-31
828,OSIEDLE NA STOKU,1 A,"ŚWIĘTEK AGNIESZKA, ŚWIĘTEK KAMIL",2017-07-14
829,OSIEDLE NA STOKU,1,MARKET - DETAL SPÓŁKA Z OGRANICZONĄ ODPOWIEDZIALNOŚCIĄ SPÓŁKA JAWNA,2016-03-09
830,OSIEDLE NA STOKU,27,CHRUŚCIEL GRAŻYNA,2017-05-12
831,OSIEDLE NA STOKU,53,JERONIMO MARTINS POLSKA SPÓŁKA AKCYJNA,2018-07-09
832,OSIEDLE NA WZGÓRZACH,16,KRZYWORZEKA ALICJA,2016-03-09
833,OSIEDLE NA WZGÓRZACH,31,JAKÓBCZAK ALEKSANDER,2016-04-24
834,OSIEDLE NA WZGÓRZACH,31,FIRMA HANDLOWA MARKET NA WZGÓRZACH NATKANIEC I SADOWSKA - SPÓŁKA JAWNA,2016-12-02
835,OSIEDLE NA WZGÓRZACH,31,GAWOR RENATA,2016-05-12
836,OSIEDLE NA WZGÓRZACH,31,"GOŁĘBIOWSKI PAWEŁ, BUŁKA GRZEGORZ",2017-12-31
837,OSIEDLE NA WZGÓRZACH,20A,SPOŁEM POWSZECHNA SPÓŁDZIELNIA SPOZYWCÓW ZGODA W KRAKOWIE,2016-02-22
838,OSIEDLE NIEPODLEGŁOŚCI,3,MATOGA GRZEGORZ,2017-09-08
839,OSIEDLE NIEPODLEGŁOŚCI,3,AD-SYSTEM SPÓŁKA Z OGRANICZONĄ ODPOWIEDZIALNOŚCIĄ,2016-04-18
840,OSIEDLE NIEPODLEGŁOŚCI,k/bl. nr 11,"SE-KO SEBASTIAN ZIELENIAK, KONRAD ZIELENIAK SPÓŁKA JAWNA",2016-11-26
841,OSIEDLE OGRODOWE,7,FRANCUZIAK JAROSŁAW,2016-08-06
842,OSIEDLE OGRODOWE,7,"LOREK ANNA, DUDA HELENA, LOREK RYSZARD",2016-04-15
843,OSIEDLE OGRODOWE,10,"PRZEDSIĘBIORSTWO HANDLOWO-USŁUGOWE ZACHĘTA ZBIGNIEW KALETA, ADAM KALETA SPÓŁKA JAWNA",2017-03-17
844,OSIEDLE OGRODOWE,10,LOREK ANNA,2016-05-09
845,OSIEDLE OGRODOWE,12,"KĄCKA-KŁUSEK BEATA, KŁUSEK JULIAN",2015-10-07
846,OSIEDLE OŚWIECENIA,21,BOGACZYK JADWIGA,2016-05-14
847,OSIEDLE OŚWIECENIA,21,"PRZEDSIEBIORSTWO HANDLOWO-USŁUGOWE ZACHĘTA ZBIGNIEW KALETA, ADAM KALETA SPÓŁKA JAWNA",2015-09-09
848,OSIEDLE OŚWIECENIA,38,"PRZEDSIĘBIORSTWO HANDLOWO-USŁUGOWE ZACHĘTA ZBIGNIEW KALETA, ADAM KALETA SPÓŁKA JAWNA",2016-07-07
849,OSIEDLE OŚWIECENIA,47,WOJDYGA AGNIESZKA,2017-04-29
850,OSIEDLE OŚWIECENIA,33 B,MOSNA WOJCIECH,2015-10-08
851,OSIEDLE OŚWIECENIA,33A/3A,MATUSIAK PATRYCJA,2018-04-23
852,OSIEDLE OŚWIECENIA,33B lok.nr4,"LUDWIG BARBARA, KUSIAK WIOLETA",2017-11-22
853,OSIEDLE OŚWIECENIA,35c,"GOŁĘBIOWSKI PAWEŁ, BUŁKA GRZEGORZ",2017-12-31
854,OSIEDLE OŚWIECENIA,46 A,"MAZURKIEWICZ IWONA, STOJEK WITOLD",2017-02-16
855,OSIEDLE PIASTÓW,21,MARKET - DETAL SPÓŁKA Z OGRANICZONĄ ODPOWIEDZIALNOŚCIĄ SPÓŁKA JAWNA,2015-11-01
856,OSIEDLE PIASTÓW,41,SUDOŁ BOGDAN,2017-11-06
857,OSIEDLE PIASTÓW,60,ZIKO SPÓŁKA Z OGRANICZONĄ ODPOWIEDZIALNOŚCIĄ,2017-05-12
858,OSIEDLE PIASTÓW,62,GIBUŁA TERESA,2017-06-01
859,OSIEDLE PIASTÓW,63,LIDL POLSKA SKLEPY SPOZYWCZE SPÓŁKA Z O.O. SPÓŁKA KOMANDYTOWA,2017-11-23
860,OSIEDLE PIASTÓW,12H/1,SMAKI SPÓŁKA Z O.O.,2015-10-02
861,OSIEDLE PIASTÓW,22D,PASTELUS SPÓŁKA Z OGRANICZONĄ ODPOWIEDZIALNOŚCIĄ,2018-04-07
862,OSIEDLE PIASTÓW,24 A,TUCZYŃSKA ANNA,2017-03-09
863,OSIEDLE PIASTÓW,obok bl.35,CIECHOWICZ MONIKA,2016-10-13
864,OSIEDLE PIASTÓW,przy bl.19,TUCZYŃSKA ANNA,2018-05-27
865,OSIEDLE PIASTÓW,przy bloku 17,GĄDEK PIOTR,2017-02-17
866,OSIEDLE PRZY ARCE,1,MACHOWSKA AGATA,2017-08-31
867,OSIEDLE SŁONECZNE,4,MEGANA SPÓŁKA Z OGRANICZONĄ ODPOWIEDZIALNOŚCIĄ,2017-10-16
868,OSIEDLE SŁONECZNE,8,PLUTECKA DANUTA,2015-11-19
869,OSIEDLE SŁONECZNE,15,LEWIATAN MARKET SPÓŁKA Z OGRANICZONĄ ODPOWIEDZIALNOŚCIĄ,2017-03-07
870,OSIEDLE SŁONECZNE,14/U-4,KORFEL BARBARA,2016-02-09
871,OSIEDLE SŁONECZNE UL. ANDRZEJA STRUGA,przy bl. 8,TUCZYŃSKI GRZEGORZ,2016-04-03
872,OSIEDLE SPÓŁDZIELCZE,9A,KULIG HALINA,2016-10-01
873,OSIEDLE STALOWE,5,ŻUREK URSZULA,2016-08-03
874,OSIEDLE STRUSIA,6,"MYŚKÓW ANETA, MYŚKÓW PAWEŁ",2016-06-16
875,OSIEDLE STRUSIA,7,CZERWONKA ANDRZEJ,2017-03-31
876,OSIEDLE STRUSIA,12,"FIRMA HANDLOWA ""MARKET NA WZGÓRZACH"" NATKANIEC I SADOWSKA - SPÓŁKA JAWNA",2015-10-15
877,OSIEDLE STRUSIA,18,RUSINIAK ROBERT,2017-07-08
878,OSIEDLE STRUSIA,21,LIDL POLSKA SKLEPY SPOŻYWCZE SPÓŁKA Z O.O. SPÓŁKA KOMANDYTOWA,2016-10-31
879,OSIEDLE STRUSIA,23,JERONIMO MARTINS POLSKA SPÓŁKA AKCYJNA,2016-09-12
880,OSIEDLE STRUSIA,24,POLSKI KONCERN NAFTOWY ORLEN SPÓŁKA AKCYJNA,2016-12-13
881,OSIEDLE SZKOLNE,3,ŻUREK URSZULA,2016-01-17
882,OSIEDLE SZKOLNE,14,PĄŚKO BARBARA,2016-04-23
883,OSIEDLE TEATRALNE,4,KEFIREK SPÓŁKA AKCYJNA,2016-02-15
884,OSIEDLE TEATRALNE,10,TESCO (POLSKA) SPÓŁKA Z OGRANICZONĄ ODPOWIEDZIALNOŚCIĄ,2016-04-17
885,OSIEDLE TEATRALNE,28,"FIRMA HANDLOWA T-28 MACHYNIA, REJDYCH SPÓŁKA JAWNA",2018-04-19
886,OSIEDLE TEATRALNE,29A,"TUCZYŃSKA ANNA, TUCZYŃSKI GRZEGORZ",2017-12-31
887,OSIEDLE TYSIĄCLECIA,15,"PRZEDSIĘBIORSTWO HANDLOWO-USŁUGOWE ZACHĘTA ZBIGNIEW KALETA, ADAM KALETA SPÓŁKA JAWNA",2016-01-15
888,OSIEDLE TYSIĄCLECIA,72,"GOŁĘBIOWSKI PAWEŁ, BUŁKA GRZEGORZ, GOŁĘBIOSKA AGNIESZKA",2017-12-31
889,OSIEDLE TYSIĄCLECIA,76,DZIURBIEL BEATA,2018-03-16
890,OSIEDLE TYSIĄCLECIA,1B,"SE-KO SEBASTIAN ZIELENIAK, KONRAD ZIELENIAK SPÓŁKA  JAWNA",2015-11-08
891,OSIEDLE UROCZE,1,LEWIATAN MARKET SPÓŁKA Z O.O.,2018-03-09
892,OSIEDLE UROCZE,11,FIRMA HANDLOWO-USŁUGOWA LEM SPÓŁKA JAWNA MAREK I ANNA STUCZYŃSCY,2016-01-25
893,OSIEDLE UROCZE,11/U1,MAŁPKA SPÓŁKA AKCYJNA,2017-04-09
894,OSIEDLE WANDY,28A,ZIELENIAK SEBASTIAN,2017-02-07
895,OSIEDLE WANDY,30A,POLSKI KONCERN NAFTOWY ORLEN SPÓŁKA AKCYJNA,2017-07-26
896,OSIEDLE WANDY,33/13,SIEDLARZ PIOTR,2015-11-11
897,OSIEDLE WYSOKIE,19,SKLEP WIELOBRANŻOWY KORAL A.Z. KALETA SPÓŁKA JAWNA,2017-02-13
898,OSIEDLE WYSOKIE,20D,ALKO TRADING SPÓŁKA Z OGRANICZONĄ ODPOWIEDZIALNOŚCIĄ,2018-04-08
899,OSIEDLE WYSOKIE,22C,URBAN GRZEGORZ,2017-05-11
900,OSIEDLE ZIELONE,6,GAMAT 2 SPÓŁKA Z O.O.,2017-07-22
901,OSIEDLE ZIELONE,16,"SIKORA DOROTA, IMBIER GRAŻYNA, IMBIER RYSZARD, SIKORA ZDZISŁAW",2017-08-05
902,OSIEDLE ZŁOTA PODKOWA,1 lok.8,GAMAT SPÓŁKA Z O.O.,2016-11-25
903,OSIEDLE ZŁOTEGO WIEKU,14,"PRZEDSIĘBIORSTWO HANDLOWO-USŁUGOWE ZACHĘTA ZBIGNIEW KALETA, ADAM KALETA SPÓŁKA JAWNA",2016-01-16
904,OSIEDLE ZŁOTEGO WIEKU,75,GĄDEK PIOTR,2018-04-06
905,OSIEDLE ZŁOTEGO WIEKU,76,SAMBA SPÓŁKA Z O.O.,2017-11-09
906,OSIEDLE ZŁOTEGO WIEKU,77,SZADY JANINA,2017-01-19
907,OSIEDLE ZŁOTEGO WIEKU,82,ON MARKET SPÓŁKA Z O.O.,2018-08-20
908,OSIEDLE ZŁOTEGO WIEKU,94,KMIECIK MACIEJ,2016-12-04
909,OSIEDLE ZŁOTEGO WIEKU,19-20,"PRZEDSIĘBIORSTWO HANDLOWO-USŁUGOWE ZACHĘTA ZBIGNIEW KALETA, ADAM KALETA SPÓŁKA JAWNA",2016-05-25
910,OSIEDLE ZŁOTEGO WIEKU,19A paw.12,SULIK KAROLINA,2018-06-18
911,OSIEDLE ZŁOTEGO WIEKU,51-52,JERONIMO MARTINS POLSKA SPÓŁKA AKCYJNA,2017-02-11
912,OSIEDLE ZŁOTEJ JESIENI,13,LEWIATAN MARKET SPÓŁKA Z O.O.,2016-12-21
913,OSIEDLE ZŁOTEJ JESIENI,13A,"SUŁKOWSKA BERNADETA, PANEK MONIKA",2017-12-31
914,OSTATNIA,1D,"GŁUSZEK-KOT MAŁGORZATA, MATAN PRZEMYSŁAW, MATAN WITOLD",2018-01-22
915,OŚ. DYWIZJONU 303,76,BIELAK IWONA,2018-07-16
916,OŚ. DYWIZJONU 303,62G,STOKROTKA SPÓŁKA Z OGRANICZONĄ ODPOWIEDZIALNOŚCIĄ,2018-06-08
917,OŚWIECENIA,21,"PRZEDSIĘBIORSTWO HANDLOWO-USŁUGOWE ZACHĘTA ZBIGNIEW KALETA,ADAM KALETA  SPÓŁA JAWNA",2018-09-09
918,OTWINOWSKIEGO,1,KUCHARSKA HANNA,2017-06-09
919,PACHOŃSKIEGO,8 A,ZEMAN JOANNA,2017-08-15
920,PACHOŃSKIEGO,8,JERONIMO MARTINS POLSKA SPÓŁKA AKCYJNA,2016-01-31
921,PACHOŃSKIEGO,8,GŁUSZKIEWICZ MARCIN,2017-12-04
922,PACHOŃSKIEGO,9,POLPETROL E. WAWRZYNIAK SPÓŁKA JAWNA,2016-02-12
923,PACHOŃSKIEGO,5B,LIDL POLSKA SKLEPY SPOŻYWCZE SPÓŁKA Z O.O. SPÓŁKA KOMANDYTOWA,2016-10-13
924,PADEREWSKIEGO,4,ŚWIERCZYNA ANDRZEJ,2016-10-03
925,PANA TADEUSZA,6,ICTM SPÓŁKA  Z O.O.,2016-12-15
926,PARKOWA,11,DONIMIRSKI JERZY,2017-01-25
927,PASTELOWA,58 lok.1,CHLEBDA ANNA,2017-12-16
928,PASTELOWA,58 lok.2,STASZYŃSKA ANNA,2017-12-14
929,PASTERNIK,65,ARGE PALIWA SPÓŁKA Z O.O.,2016-10-12
930,PASTERNIK,66,ARGE PALIWA SPÓŁKA Z O.O.,2016-10-12
931,PAWIA,5,CARREFOUR POLSKA SPÓŁKA Z O.O.,2015-09-26
932,PAWIA,5,KUCHNIE ŚWIATA SPÓŁKA AKCYJNA,2016-08-20
933,PAWIA,5,ORGANIC FARMA ZDROWIA SPÓŁKA AKCYJNA,2016-06-10
934,PAWIA,5,AMBRA SPÓŁKA AKCYJNA,2017-12-31
935,PAWIA,11,HEKON-HOTELE EKONOMICZNE SPÓŁKA AKCYJNA,2018-04-30
936,PAWIA,12/1U,JUREK ELŻBIETA,2018-07-19
937,PETÖFIEGO,32,MAZUR ARTUR,2016-05-19
938,PETRAŻYCKIEGO,64C,SZOSTAK HENRYK,2016-02-21
939,PĘKOWICKA,77,CIACIEK RYSZARD,2018-05-12
940,PIASTÓW,65/U5,SZYBUK JAKUB,2018-04-28
941,PILOTÓW,6,ALMA MARKET SPÓŁKA AKCYJNA,2016-03-04
942,PILOTÓW,22,MEGANA SPÓŁKA Z OGRANICZONĄ ODPOWIEDZIALNOŚCIĄ,2017-10-19
943,PILOTÓW,95,"KĘPA IWONA, PACYGA MARIA",2015-09-23
944,PILOTÓW,4B,POLSKI KONCERN NAFTOWY ORLEN SPÓŁKA AKCYJNA,2016-01-18
945,PIOTRA STACHIEWICZA,24,MARKOCKA ROMANA,2018-09-11
946,PLAC BOHATERÓW GETTA,16/III,CWYNAR IRENA,2018-07-08
947,PLAC IM. NOWAKA- JEZIORAŃSKIEGO,3,DYMACZ ALEKSANDER,2015-12-31
948,PLAC IMBRAMOWSKI,87,WITEK LESZEK,2017-03-16
949,PLAC IMBRAMOWSKI,179 paw.29-30,KACZMARCZYK PIOTR,2017-03-09
950,PLAC INWALIDÓW,6,"FIRMA DELIKATESY B. MIĘTKA, S. MIĘTKA SPÓŁKA JAWNA",2015-10-05
951,PLAC JANA NOWAKA JEZIORAŃSKIEGO,3,BADOWSKI EUGENIUSZ,2015-12-31
952,PLAC MATEJKI,6,"SOBOL GABRIELA, SOBOL ARTUR",2017-04-07
953,PLAC NA STAWACH,paw. 15,HANDLOWA SPÓŁDZIELNIA JUBILAT,2017-02-20
954,PLAC NOWY,3,"SE-KO SEBASTIAN ZIELENIAK,KONRAD ZIELENIAK SPÓŁKA JAWNA",2017-03-13
955,PLAC NOWY,3A,"SE - KO SEBASTIAN ZIELENIAK,KONRAD ZIELENIAK SPÓŁKA JAWNA",2017-10-19
956,PLAC SZCZEPAŃSKI,3,MORA ANNA,2018-02-17
957,PLAC SZCZEPAŃSKI,8,WOJEWÓDZKI ZWIĄZEK PSZCZELARZY,2016-08-06
958,PLAC SZCZEPAŃSKI,8,ALTI PLUS SPÓŁKA AKCYJNA SPÓŁKA KOMANDYTOWO AKCYJNA,2018-01-11
959,PLAC SZCZEPAŃSKI,3A,BUNKIER CAFE WITYŃSKI ŻAKOWSKI SPÓŁKA JAWNA,2018-05-14
960,PLAC WOLNICA,10,URSA MAIOR SPÓŁKA Z O.O. S. K. A.,2018-05-21
961,PLAC WOLNICA,13,WÓJTOWICZ KRZYSZTOF,2016-06-21
962,PLAC WOLNICA,13/LU2,PROKOCKA MONIKA,2018-01-15
963,PŁASZOWSKA,12,PASTELUS SPÓŁKA Z O.O.,2018-06-30
964,PŁASZOWSKA,65,KARAŚ MONIKA,2017-02-28
965,PŁK. STANISŁAWA DĄBKA,13,SN SPÓŁKA Z OGRANICZONĄ ODPOWIEDZIALNOŚCIĄ,2018-06-07
966,PŁOSZCZYNY,1,BRANDOS JÓZEF,2018-06-01
967,PODEDWORZE,2A,"DOKTOR NO MACIEJ JOJCZYK, RAFAŁ NOGA SPÓŁKA JAWNA",2018-04-30
968,PODEDWORZE,2B,CHACHLOWSKA GRAŻYNA,2015-12-31
969,PODGÓRSKA,32,POLSKI KONCERN NAFTOWY ORLEN SPÓŁKA AKCYJNA,2016-03-12
970,PODGÓRSKA,34,ALMA MARKET SPÓŁKA AKCYJNA,2017-02-28
971,PODKOWIŃSKIEGO,1B/1U,KAMIENIARZ JOANNA,2016-02-10
972,PODŁĘSKA,17A/1,ŚWITOŃ MICHAŁ,2016-01-07
973,PODŁĘSKA,17A/20,GWIZDAŁA MAŁGORZATA,2018-03-03
974,PODŁĘSKA,17A/29,PIEGA PAWEŁ,2018-07-31
975,PODWALE,6,BIDAS ALEKSY,2017-03-01
976,PODZAMCZE,24,FUDALA WŁADYSŁAW,2016-06-10
977,POKOJU,33,EKWI B.W.POLAŃSCY SPÓŁKA JAWNA,2018-06-01
978,POLEGŁYCH W KRZESŁAWICACH,51A,GRZESIAK WOJCIECH,2018-03-12
979,POLONIJNA,13,JERONIMO MARTINS POLSKA SPÓŁKA AKCYJNA,2018-08-11
980,POLSKIEGO CZERWONEGO KRZYŻA,1,TRĘTKO-SADOWSKA ILONA,2018-04-29
981,POŁOMSKIEGO,14,JERONIMO MARTINS POLSKA SPÓŁKA AKCYJNA,2017-01-09
982,PORUCZNIKA HALSZKI,3 A,JERONIMO MARTINS POLSKA SPÓŁKA AKCYJNA,2018-02-05
983,POWIŚLE,9,SZELĄG AGNIESZKA,2018-01-25
984,POWROŹNICZA,7,OLIWA JANUSZ,2018-07-20
985,POWSTAŃCÓW,3,JERONIMO MARTINS POLSKA SPÓŁKA AKCYJNA,2015-12-09
986,POWSTAŃCÓW,20,ZIĘBORAK ŁUKASZ,2017-12-04
987,POWSTAŃCÓW,28,ALTI  PLUS SPÓŁKA AKCYJNA,2016-02-08
988,POWSTAŃCÓW,63,PIETRZYK TOMASZ,2018-01-29
989,POWSTAŃCÓW,127,"RENATA KUCHARSKA, AGNIESZKA RAŹNA",2015-09-24
990,POWSTAŃCÓW,32C,MUSIAŁ TOMASZ,2018-01-22
991,POWSTAŃCÓW,34A,GRUCEL ROBERT,2018-02-28
992,POWSTAŃCÓW,34B,TORCZYŃSKI RYSZARD,2015-10-09
993,POWSTAŃCÓW WIELKOPOLSKICH,13,ARGE PALIWA SPÓŁKA Z O.O.,2016-12-18
994,POWSTAŃCÓW WIELKOPOLSKICH,17,STATOIL FUEL & RETAIL POLSKA SPÓŁKA Z O.O.,2017-11-21
995,POWSTAŃCÓW WIELKOPOLSKICH,18,JERONIMO MARTINS POLSKA SPÓŁKA AKCYJNA,2017-08-07
996,POWSTAŃCÓW WIELKOPOLSKICH,13E,HDS POLSKA SPÓŁKA Z OGRANICZONĄ ODPOWIEDZIALNOŚCIĄ,2018-05-17
997,PÓŁŁANKI,18,PRZEDSIĘBIORSTWO PRODUKCYJNO HANDLOWO USŁUGOWE  SPECJAŁ SPÓŁKA Z OGRANICZONĄ ODPOWIEDZIALNOŚCIĄ,2015-10-03
998,PÓŁŁANKI,104A,JONCZAK EWA,2018-04-15
999,PÓŁŁANKI,62A,EUROCASH SPÓŁKA AKCYJNA,2016-10-13
1000,PÓŁŁANKI,80A,ROMANISZYN WITOLD,2017-09-14
1001,PRASKA,52,FIRMA HANDLOWA DURYCH SPÓŁKA JAWNA,2016-06-20
1002,PRASKA,62,WAŚKOWSKA ALICJA,2015-12-16
1003,PRASKA,61 A,BIEDA ELŻBIETA,2017-06-30
1004,PRAŻMOWSKIEGO,12,FIRMA HANDLOWO-USŁUGOWA ŁUKASIK STANISŁAW ŁUKASIK SPÓŁKA JAWNA,2017-10-09
1005,PRĄDNICKA,63,KACZMARSKA MALWINA,2016-10-09
1006,PRĄDNICKA,71,ZIĘBORAK ŁUKASZ,2017-12-04
1007,PRĄDNICKA,74,HANDLOWA SPÓŁDZIELNIA JUBILAT,2016-03-11
1008,PRĄDNICKA,83,WALAS JOANNA,2016-06-09
1009,PRĄDNICKA,89,WITWINOWSKI JACEK,2015-11-14
1010,PROF. MICHAŁA BOBRZYŃSKIEGO,37,CARREFOUR POLSKA SPÓŁKA Z OGRANICZONĄ ODPOWIEDZIALNOŚCIĄ,2018-05-15
1011,PROFESORA BARTLA,22/3,ŚWIATŁOŃ MAŁGORZATA,2016-10-24
1012,PROFESORA BARTLA,20 lok. 11,SUCHAN TADEUSZ,2018-08-11
1013,PROFESORA BARTLA,22 lok. 4,"SZNAPKA-STYLO MAŁGORZATA, SZNAPKA MAREK",2016-10-07
1014,PROFESORA BOBRZYŃSKIEGO,33,MARKET PUNKT 4 PL SPÓŁKA Z O.O. SPÓŁKA KOMANDYTOWA,2017-12-15
1015,PROFESORA MYCZKOWSKIEGO,21/1,DWORZAK PATRYCJA,2017-02-13
1016,PROFESORA MYCZKOWSKIEGO,1 lok.2,GAMAT SPÓŁKA Z O.O.,2017-04-15
1017,PROFESORA ŻYCZKOWSKIEGO,23,GOURMET SERVICES SP. ZO.O. SPÓLKO KOMANDYTOWA,2017-12-13
1018,PRUSKA,24,BUKOWSKI JERZY,2016-10-17
1019,PRUSZYŃSKIEGO,16,BOCHENEK CZESŁAW,2015-12-21
1020,PRZEGORZALSKA,2,HANDLOWA SPÓŁDZIELNIA JUBILAT,2016-07-19
1021,PRZEMIARKI,23/LU12,PAWŁOWSKI DARIUSZ,2018-03-30
1022,PRZEMIARKI,23A lok.9-10,ADAMSKI KRZYSZTOF,2018-03-24
1023,PRZEMYSŁOWA,4/466,BIESZCZAD GRZEGORZ,2017-11-20
1024,PRZEWÓZ,41,GRZESIAK WOJCIECH,2018-06-07
1025,PRZEWÓZ,34A,PARO SPÓŁKA Z O.O.,2018-05-12
1026,PRZEWÓZ,40A,SIKORA TERESA,2018-02-08
1027,PRZYBYSZEWSKIEGO,71/LU2,MORAWSKI ROBERT,2016-07-02
1028,PRZYZBY,1/3,VAFIN RASHID,2018-03-24
1029,PRZYZBY,1/004,LEDŹWOŃ BEATA,2016-10-07
1030,PUŁKOWNIKA DĄBKA,8B,POLSKA DYSTRYBUCJA ALKOHOLI SPÓŁKA Z OGRANICZONĄ ODPOWIEDIZLNOŚCIĄ,2017-12-31
1031,PUŁKOWNIKA NULLO,33,GALOS GRZEGORZ,2018-01-25
1032,PUŁKOWNIKA NULLO,42,ALMA MARKET SPÓŁKA AKCYJNA,2016-11-04
1033,PUŻAKA,27,PAŁOSZ WOJCIECH,2017-09-03
1034,PYSOCICE,7,ZAJĄC ANDRZEJ,2018-04-09
1035,RACIBORSKA,17,MARKET PUNKT 4 PL SPÓŁKA Z O.O. SPÓŁKA KOMANDYTOWA,2018-04-12
1036,RADZIKOWSKIEGO,1,MADAME LAURA SPÓŁKA Z O.O.,2018-01-09
1037,RADZIKOWSKIEGO,25,GERCZAK MARIA,2016-09-14
1038,RADZIKOWSKIEGO,104/l2,ZAPIÓR IWONA,2017-11-02
1039,RADZIWIŁŁOWSKA,31,KMITA JÓZEFA,2018-02-18
1040,RADZIWIŁŁOWSKA,27/2F,NIEDZIÓŁKA ALICJA,2017-08-13
1041,RAKOWICKA,23,KAMIŃSKI KRZYSZTOF,2017-09-07
1042,RAKUŚ,60,ŁANOSZKA-SCHWENK MARZENA,2017-08-31
1043,RĄCZNA,59,KARAŚ JOLANTA,2018-06-15
1044,REPUBLIKI KORCZAKOWSKIEJ,11,SPROSKA GENOWEFA,2018-06-15
1045,REPUBLIKI KORCZAKOWSKIEJ,15,PASTELUS SPÓŁKA Z OGRANICZONĄ ODPOWIEDZIALNOŚCIĄ,2018-04-07
1046,ROBERTA JAHODY,2,MĄCZKA SPÓŁKA Z O.O.,2018-07-07
1047,ROSTWOROWSKIEGO,4,BESKID INVESTMENT SPÓŁKA Z O.O.,2018-03-14
1048,RUSZNIKARSKA,14/lok.XI,GAMAT 2 SPÓŁKA Z O.O.,2016-11-24
1049,RUSZNIKARSKA-DEPTAK,4/1,HA DINH,2020-06-25
1050,RYBITWY,60,KOSIŃSKA KRYSTYNA,2016-06-30
1051,RYDLA,7,HANDLOWA SPÓŁDZIELNIA JUBILAT,2016-08-20
1052,RYDLA,9A/LU2,KOWALSKA-KARNIA KLAUDIA,2016-07-24
1053,RYDLÓWKA,10,JERONIMO MARTINS POLSKA SPÓŁKA AKCYJNA,2016-08-23
1054,RYDYGIERA,1,KNAPIK ANNA,2018-01-11
1055,RYDYGIERA,10 B,LEGUTKO ERWIN,2017-05-29
1056,RYDYGIERA,10A,WÓJCIK ZBIGNIEW,2018-04-16
1057,RYDYGIERA,11A,SUSZEK DOROTA,2017-01-01
1058,RYDYGIERA,25 lok.18,GAJDA KRZYSZTOF,2016-09-09
1059,RYNEK DĘBNICKI,2,MUCHA MARIOLA,2016-11-11
1060,RYNEK DĘBNICKI,12,LEMBAS JAROSŁAW,2018-04-16
1061,RYNEK GŁÓWNY,6,MAŁPKA SPÓŁKA AKCJNA,2017-04-01
1062,RYNEK GŁÓWNY,13,"BICZ BEATA, IDEC KRZYSZTOF",2017-02-28
1063,RYNEK GŁÓWNY,18,"PISKORZ GRAŻYNA, WIĘCŁAW BOŻENA",2016-05-09
1064,RYNEK GŁÓWNY,34,PODWAWELSKA SPÓŁDZIELNIA SPOŻYWCÓW,2015-10-06
1065,RYNEK GŁÓWNY,7/6,FIGA KLEMENTOWSKI I WSPÓLNICY SPÓŁKA JAWNA,2017-08-06
1066,RYNEK KLEPARSKI,5,MEGANA SPÓŁKA Z OGRANICZONĄ ODPOWIEDZIALNOŚCIĄ,2018-05-07
1067,RYNEK KLEPARSKI,5,MEGANA SPÓŁKA Z O.O.,2018-02-19
1068,RYNEK KLEPARSKI,6,CHUCHRO ELIZA,2018-09-03
1069,RYNEK KLEPARSKI,12,KOZIARA KATARZYNA,2017-09-23
1070,RYNEK PODGÓRSKI,14,KAMA SPÓŁKA Z O.O.,2016-04-30
1071,RZECZNA,11A,KORBIN MAREK,2017-11-23
1072,RZECZNA,13 lok U1,MATOGA AGATA,2018-08-09
1073,RZEPAKOWA,21,KOSIBA MONIKA,2016-11-13
1074,RZEPICHY,43,APOSTOLIK ELŻBIETA,2016-11-11
1075,RZEŹNICZA,2,"MALISZKIEWICZ KRYSTYNA, GONDEK MARTA",2018-02-09
1076,RŻĄCKA,21B,CHACHLOWSKA AGATA,2015-10-11
1077,SADOWA,9,LEŚNIEWSKI BARTOSZ,2018-08-13
1078,SADOWA,9,MATUSIAK PATRYCJA,2017-05-14
1079,SADOWA,11,SAMBA SPÓŁKA Z O.O.,2017-03-13
1080,SAREGO,10,"FILEWICZ KATARZYNA, FILEWICZ KAROLINA",2016-12-31
1081,SAREGO,28,PIT STOP SPÓŁKA Z O.O.,2016-07-25
1082,SARMACKA,10/U1,CHUCHRO ELIZA,2018-03-22
1083,SAS-ZUBRZYCKIEGO,5,KAMIENIARZ JAN,2017-01-12
1084,SAWY-CALIŃSKIEGO,53,MARS EDWARDA,2018-04-23
1085,SAWY-CALIŃSKIEGO,32 A,"PALUCH ZOFIA, PALUCH ZBIGNIEW",2017-06-10
1086,SCHWEITZERA,13,BASTER ANNA,2017-09-29
1087,SENATORSKA,2,JANIK JAN,2017-03-03
1088,SENATORSKA,27,ŻYŁA MARTA,2018-02-10
1089,SIARCZANA,18,KORZENIAK MARIA,2017-12-31
1090,SIEMIRADZKIEGO,18 A,PAJĄK PAWEŁ,2017-08-25
1091,SIENNA,7,HAJDUK MACIEJ,2016-06-26
1092,SIENNA,11,GARLICKI PIOTR,2019-12-17
1093,SIENNA,11,GARLICKI PIOTR,2018-01-22
1094,SIENNA,19,"PEŁCHOWSKA JUSTYNA, PEŁCHOWSKI ANDRZEJ",2017-12-15
1095,SIEWNA,17,LIDL POLSKA SKLEPY SPOŻYWCZE SPÓŁKA Z O.O. SPÓŁKA KOMANDYTOWA,2016-10-27
1096,SKALICA,28,SZCZYPCZYK MIROSŁAW,2017-09-25
1097,SKARBOWA,2,LEWIATAN MARKET SPÓŁKA Z O.O.,2015-12-17
1098,SKARŻYŃSKIEGO,6,MEGANA SPÓŁKA Z OGRANICZONĄ ODPOWIEDZIALNOŚCIĄ,2017-11-08
1099,SKOTNICKA,77,TYLEK JOLANTA,2017-03-24
1100,SKOTNICKA,78,"SZCZEPANIK ELŻBIETA, KOSIŃSKI LESZEK",2016-06-10
1101,SKOTNICKA,181,MACHNO MIECZYSŁAW,2016-04-15
1102,SKOTNICKA,188,STĘPKOWSKA BEATA,2017-07-17
1103,SKOTNICKA,242,LEMAR R.L.E LEŚNIAK SPÓŁKA JAWNA,2017-04-15
1104,SKOTNICKA,268,BIER SEBASTIAN,2016-12-31
1105,SŁAWKA,45,ZWALIŃSKI KRZYSZTOF,2016-09-14
1106,SŁAWKA,60,BIENIAS JACEK,2016-12-05
1107,SŁAWKA,17 lok.LU3,CHUDASZEK MARIOLA,2016-05-09
1108,SŁAWKA,41A,SZPYT AGNIESZKA,2018-03-31
1109,SŁAWKOWSKA,10,CIAPAŁA EWELINA,2017-03-18
1110,SŁAWKOWSKA,24A,NA ZDRÓWKO SPÓŁKA Z O.O.,2020-01-25
1111,SŁOMCZYŃSKIEGO,12/1U,MILLIKRZYSZTOF,2017-11-05
1112,SŁOMIANA,9,CYRNEK STANISŁAW,2016-06-23
1113,SŁOMIANA,17,"RACZEK WANDA, RACZEK MIECZYSŁAW",2015-10-07
1114,SŁOMIANA,17,SUŁKOWSKA ANNA,2016-02-18
1115,SŁOMIANA,17,GAWŁOWSKI ANDRZEJ,2016-04-03
1116,SŁOMIANA,17,SKURZEWSKA RENATA,2017-06-30
1117,SŁOMIANA,26A,"JANIK ANNA, JAROSŁAW JANIK",2016-06-04
1118,SŁONECKIEGO,4/PO 90,JAROS JAROSŁAW,2016-06-05
1119,SŁONECKIEGO,9/31,GÓRSZCZAK KRZYSZTOF,2016-10-09
1120,SŁOWIAŃSKA,2/LU1,"NOWAK  WOJCIECH, PIETRZYK TOMASZ",2018-06-30
1121,SMOLEŃSKIEGO,14,JAGIELSKA MONIKA,2017-06-09
1122,SNYCERSKA,27A,SWĘDRAK WOJCIECH,2017-12-11
1123,SODOWA,19/9,SZCZYPCZYK MAŁGORZATA,2018-04-13
1124,SODOWA,"7 lok.3U, 4U",GRUDZIŃSKA KATARZYNA,2017-05-20
1125,SOLIDARNOŚCI,11,SPOŁEM POWSZECHNA SPÓŁDZIELNIA SPOŻYWCÓW NOWA HUTA W KRAKOWIE,2018-08-30
1126,SOLSKIEGO,1/5-8,KEFIREK SPÓŁKA AKCYJNA,2017-09-10
1127,SOLSKIEGO,11/3U,DĘBSKA WIESŁAWA,2015-09-16
1128,SOLSKIEGO,7B/lok.2 i 3,MAJ ŁUKASZ,2017-04-13
1129,SOŁTYSOWSKA,16,GRUPA TOWER SPÓŁKA Z O.O.,2018-07-22
1130,SOŁTYSOWSKA,12 A/U3,RAŹNA BEATA,2017-09-09
1131,SOŁTYSOWSKA,12B/LU6,SULIK KAROLINA,2018-06-26
1132,SOŁTYSOWSKA,23D,JERONIMO MARTINS POLSKA SPÓŁKA AKCYJNA,2018-04-01
1133,SOWIA,1A,SZEWCZYK HALINA,2016-02-29
1134,SPÓŁDZIELCÓW,3,LECHOWICZ MARIA,2017-01-19
1135,SPÓŁDZIELCÓW,9,KUREK JÓZEF,2017-01-06
1136,SPÓŁDZIELCZE,12B,SOBCZAK ADAM,2018-05-30
1137,STACHIEWICZA,3,LABEL MARS SPÓŁKA JAWNA,2018-05-18
1138,STACHIEWICZA,24,MARKOCKA ROMANA,2015-09-11
1139,STACHIEWICZA,52,OPACH KATARZYNA,2015-09-12
1140,STACHIEWICZA,przy bl.27,WĘGRZYN-JASIÓWKA AGNIESZKA,2018-02-28
1141,STALOWE,4,"WYKA HALINA, WYKA PAWEŁ",2018-06-28
1142,STALOWE,4/01,STASZYŃSKA ANNA,2018-08-11
1143,STANISŁAWA PRZYBYSZEWSKIEGO,71/LU II,KULA AGNIESZKA,2018-08-26
1144,STANISŁAWA STOJAŁOWSKIEGO,6,ALMA MARKET SPÓŁKA AKCYJNA,2018-08-29
1145,STAŃCZYKA,14/2,ALMA MARKET SPÓŁKA AKCYJNA,2016-08-19
1146,STAROWIŚLNA,12,JĘDRYS-ZATORSKA ALICJA,2016-01-31
1147,STAROWIŚLNA,19,KEFIREK SPÓŁKA AKCYJNA,2018-06-19
1148,STAROWIŚLNA,22,RUCH SPÓŁKA AKCYJNA,2017-12-31
1149,STAROWIŚLNA,30,MEGANA SPÓŁKA Z OGRANICZONĄ ODPOWIEDZIALNOŚCIĄ,2017-10-14
1150,STAROWIŚLNA,33,"DROŻDŻ DARIUSZ, SZULC KAMIL",2015-12-31
1151,STAROWIŚLNA,50,KEFIREK SPÓŁKA AKCYJNA,2017-03-06
1152,STAROWIŚLNA,50,MAX SPÓŁKA Z OGRANICZONĄ ODPOWIEDZIALNOŚCIĄ,2018-05-04
1153,STAROWIŚLNA,69,KLIMCZAK IRENA,2016-12-15
1154,STAROWIŚLNA,78,ALTI SPÓŁKA JAWNA LESZEK GIBAŁA,2018-01-09
1155,STAROWIŚLNA,78,MAŁPKA SPÓŁKA AKCYJNA,2017-04-01
1156,STAROWIŚLNA,26/4U,SOWIŃSKI WOJCIECH,2018-03-31
1157,STAROWIŚLNA,45/U001,KATARZYŃSKI MARCIN,2016-12-16
1158,STAROWIŚLNA,79 lok. 9,INCOME INVEST SP. ZO.O. SP. K.,2017-04-19
1159,STAROWIŚLNA,95 LU 1 i 2,STEFAN IRENEUSZ,2017-07-16
1160,STAWOWA,61,AUCHAN POLSKA SPÓŁKA Z O.O.,2016-12-02
1161,STAWOWA,61,BENEDICTUS MEMES SPÓŁKA Z O.O.,2017-04-10
1162,STEFANA BATOREGO,26,BIELAŃSKA KATARZYNA,2017-10-08
1163,STEFANA BATOREGO,4/6,JONASZ SP. ZO.O.,2016-12-10
1164,STOJAŁOWSKIEGO,1,SHELL POLSKA SPÓŁKA Z OGRANICZONĄ ODPOWIEDZIALNOŚCIĄ,2017-05-21
1165,STOJAŁOWSKIEGO,3,WOJTAL PIOTR,2017-11-30
1166,STOJAŁOWSKIEGO,46,HUPTYSIOWSKI PIOTR,2016-09-21
1167,STOJAŁOWSKIEGO,6 LK. 14,DP POLSKA SPÓŁKA AKCYJNA,2017-01-06
1168,STRADOMSKA,2,KEFIREK SPÓŁKA AKCYJNA,2016-08-07
1169,STRADOMSKA,9,CZEKAJEWSKI ADAM,2017-01-09
1170,STRADOMSKA,11,CORLEONE SPÓŁKA Z OGRANICZONĄ ODPOWIEDZIALNOŚCIĄ,2016-04-17
1171,STRADOMSKA,25,MAŁPKA SPÓŁKA AKCYJNA,2017-03-31
1172,STRADOMSKA,19/3 i 4,OLSZAŃSKA DOROTA,2018-07-08
1173,STRASZEWSKIEGO,24/U002,SARATA BOGUSŁAW,2016-06-06
1174,STRÓŻA RYBNA,16B,"PAJĄKOWSKA-PYRCZAK LIDIA, PYRCZAK PIOTR",2017-10-23
1175,STRÓŻA RYBNA,20 lok.nr 3,TUREK JÓZEF,2015-12-14
1176,STRÓŻA RYBNA,k.bl.16 dz.347/3,GUT  BOGUSŁAW,2017-09-30
1177,STRZELCÓW,4,ALTI PLUS SPÓŁKA AKCYJNA,2016-07-18
1178,STRZELCÓW,26,JONASZ SPÓŁKA Z O.O.,2017-12-29
1179,STRZELCÓW,bl.21 i 23,PISKORZ BOGDAN,2017-10-13
1180,SZAFIROWA,8,NOGIEĆ LESZEK,2016-10-22
1181,SZEROKA,29,"NIECIĄG DANUTA, NIECIĄG JAKUB",2016-09-23
1182,SZEWSKA,5,CIAPAŁA EWELINA,2016-03-19
1183,SZEWSKA,20,LEŚNIAK BOGUSŁAW,2016-12-08
1184,SZEWSKA,20,LEŚNIAK KRYSTYNA,2018-08-03
1185,SZLAK,35,TUREK JÓZEF,2017-09-08
1186,SZLAK,65,ZBOZIEŃ JAROSŁAW,2016-08-28
1187,SZLAK,14/2U,GATLIK LIDIA,2018-01-19
1188,SZLAK,47/15,LEKSA WŁODZIMIERZ,2016-12-31
1189,SZLAK,50 lok. A4,TRZEPATOWSKI PIOTR,2017-05-29
1190,SZLAK,50 lok.A4,PALIMĄKA DONAT,2018-08-25
1191,SZLAK,77/B7,TRZEPATOWSKI PIOTR,2015-12-10
1192,SZPITALNA,11,"CIEŚLA GRAŻYNA, CIEŚLA MIECZYSŁAW",2016-02-10
1193,SZPITALNA,30,"SAPAŁA MARIA, SAPAŁA MARCIN",2018-01-14
1194,SZPITALNA,38,KEFIREK SPÓŁKA AKCYJNA,2018-04-10
1195,SZPITALNA,40,"DROŻDŻ DARIUSZ, SZULC KAMIL",2016-07-07
1196,SZPITALNA,40,"SOBOL GABRIELA, SOBOL ARTUR",2018-01-27
1197,SZUWAROWA,1/U5/P1,CIESIELKA JACEK,2017-02-22
1198,SZWAI,16/LU1,ŚLAZYK ZOFIA,2017-12-29
1199,ŚLĄSKA,4,SAŁĘGA - NOWAK DOMINIKA,2017-07-10
1200,ŚLĄSKA,6/2,ALKO EXPORT SPÓŁKA Z OGRANICZONĄ ODPOWIEDZIALNOŚCIĄ,2018-04-09
1201,ŚLICZNA,32C/LU1,PODWAWELSKA SPÓŁDZIELNIA SPOZYWCÓW,2016-05-22
1202,ŚLICZNA,34B/U1,JUREK KAROLINA,2018-01-22
1203,ŚLUSARSKA,8/LU7,LEŚNIAK BOGUSŁAW,2018-05-13
1204,ŚNIADECKICH,12A,ASPEN RES SP. Z O.O.,2017-01-25
1205,ŚW. ANNY,3,WROŃSKI ARTUR,2017-09-01
1206,ŚW. FILIPA,14,DRABIK BARBARA,2018-05-24
1207,ŚWIETEJ GERTRUDY,17/3,KOZIARA KATARZYNA,2016-09-05
1208,ŚWIĘTEGO JANA,30,TAP HOUSE SPÓŁKA Z OGRANICZONĄ ODPOWIEDZIALNOŚCIĄ,2017-09-11
1209,ŚWIĘTEGO TOMASZA,8,REIZER AGNIESZKA,2016-06-30
1210,ŚWIĘTEGO TOMASZA,25,BEUZEN NICOLAS,2016-10-03
1211,ŚWIĘTEGO TOMASZA,35,SIENKIEWICZ ALDONA,2016-03-31
1212,ŚWIĘTEJ AGNIESZKI,10,HOSTARIA SPÓŁKA Z O.O.,2017-12-31
1213,ŚWIĘTEJ ANNY,5,PREMIUM FOOD RESTAURANTS S. A.,2018-10-31
1214,ŚWIĘTEJ GERTRUDY,5,MARKET-DETAL SPÓŁKA Z OGRANICZONĄ ODPOWIEDZIALNOŚCIĄ SPÓŁKA JAWNA,2016-05-31
1215,ŚWIĘTOKRZYSKA,14/L1,CHMIELOWSKI MAREK,2016-12-17
1216,TADEUSZA MAKOWSKIEGO,4,AD-SYSTEM SPÓŁKA Z O.O.,2018-09-10
1217,TARGOWA,2,"ZAMOJSKI ERNEST, WIŚNIEWSKI ROBERT",2016-11-14
1218,TELIGI,1,HALUCH TADEUSZ,2017-10-08
1219,TELIGI,11,"CZAPIGA ZBIGNIEW, CZAPIGA MARIUSZ",2016-04-11
1220,TELIGI,11,PĘCAK JACEK,2017-12-31
1221,TELIGI,24,BIENIAS KATARZYNA,2018-01-07
1222,TELIGI,24,"PRZEDSIĘBIORSTWO HANDLOWO-USŁUGOWE ZACHĘTA ZBIGNIEW KALETA, ADAM KALETA SPÓŁKA JAWNA",2018-04-23
1223,TELIGI,30D,NOWAK MARIUSZ,2016-12-20
1224,TELIGI,34C,MAŁPKA SPÓŁKA AKCYJNA,2017-04-01
1225,TELIMENY,50,"SZUMNY HELENA, SZUMNY MARIUSZ",2016-02-19
1226,TEODORA PARNICKIEGO,20,NAWALNY MICHAŁ,2018-04-24
1227,TOPAZOWA,7 lok.32-33,"STANISZEWSKA ANETA, STANISZEWSKI ARTUR",2018-02-10
1228,TOPOLOWA,12,KUŚNIERZ MAŁGORZATA,2017-04-09
1229,TOPOLOWA,35,BOGAL KATARZYNA,2015-09-29
1230,TOPOLOWA,32 lok.4A,KOWALIK EDWARD,2017-01-31
1231,TORFOWA,1,ŚPICHA BARBARA,2018-07-10
1232,TORFOWA,3,K&S KRAKOWSKI STRAGAN SPÓŁKAZ O.O.,2018-05-07
1233,TURNIEJOWA,73F/31,STAWIARZ JACEK,2016-04-24
1234,TWARDOWSKIEGO,48,MARKET PUNKT 4 PL SPÓŁKA Z O.O. SPÓŁKA KOMANDYTOWA,2016-12-26
1235,TWARDOWSKIEGO,57,WRÓBEL JOLANTA,2016-07-31
1236,TWAROGA,3,MICHALIK LIDIA,2017-03-20
1237,TYNIECKA,113,STAROWICZ DANUTA,2016-07-11
1238,TYNIECKA,126,MICHORCZYK IWONA,2017-04-07
1239,TYSIĄCLECIA,42,MUSIAŁ TOMASZ,2018-04-29
1240,UGOREK,1,GROCHAL JÓZEF,2018-04-16
1241,UGOREK,10,PODWAWELSKA SPÓŁDZIELNIA SPOŻYWCÓW,2017-01-26
1242,UGOREK,14,MARKET PUNKT 4 PL SPÓŁKA Z OGRANICZONĄ ODPOWIEDZIALNOŚCIĄ SPÓŁKA KOMANDYTOWA,2017-03-01
1243,UGOREK,14,MUSIAŁ EMILIA,2015-09-21
1244,UJASTEK,11,KRAK-TAR SPÓŁKA Z O.O.,2018-05-28
1245,UŁANÓW,74/2,"JOANNA WILUSZ, MATEUSZ RACZYŃSKI",2018-04-01
1246,UŁANÓW,44A,JURECKI RYSZARD,2016-11-25
1247,UŁANÓW,44B,"SZOT DOROTA, SZOT DOROTA IWONA",2017-04-19
1248,UROCZA,19,RASSAK RYSZARD,2017-02-27
1249,WADOWICKA,4,BP EUROPA SE SPÓŁKA EUROPEJSKA ODDZIAŁ W POLSCE,2016-06-29
1250,WADOWICKA,6/12,JUROCHNIK DOMINIKA,2017-08-10
1251,WALEREGO SŁAWKA,43/4,PAWICKI PRZEMYSŁAW,2018-08-29
1252,WAPOWSKIEGO,29,ZIĘCIK MARTA,2017-04-14
1253,WAWELSKA,14,"FIRMA HANDLOWO - USŁUGOWA M.M SPÓŁKA JAWNA ANDRZEJ, ELŻBIETA MĘDREK, BOGDAN MIROSZEWSKI ZOFIA ZDANOWSKA - MIROSZEWSKA",2015-10-21
1254,WAWELSKA,22B,DĄBROWSKI ADAM,2017-02-28
1255,WAWELSKA,k/bl. nr32,ACAMAS SPÓŁKA Z OGRANICZONĄ ODPOWIEDZIALNOŚCIĄ,2018-06-04
1256,WĄWOZOWA,34B,ROMANIEC HELENA,2015-11-11
1257,WEISSA,działka 539*,GODULA-ŁUSZCZEK RENATA,2015-10-08
1258,WESTERPLATTE,1,KOCYK SPÓŁKA Z OGRANICZONĄ ODPOWIEDZIALNOŚCIĄ SPÓŁKA KOMANDYTOWA,2018-01-22
1259,WESTERPLATTE,18,PIT STOP SPÓŁKA Z O.O.,2017-11-02
1260,WESTERPLATTE,15/16,KUSTRA ELŻBIETA,2017-09-30
1261,WĘGLARSKA,4,LIDL POLSKA SKLEPY SPOŻYWCZE SPÓŁKA Z OGRANICZONĄ ODPOWIEDZIALNOŚCIĄ SPÓŁKA KOMANDYTOWA,2016-08-28
1262,WIELICKA,1,"TUCZYŃSKA ANNA, TUCZYŃSKI GRZEGORZ",2017-12-31
1263,WIELICKA,8,"SE-KO SEBASTIAN ZIELENIAK, KONRAD ZIELENIAK SPÓŁKA  JAWNA",2016-01-09
1264,WIELICKA,21,POLSKI KONCERN NAFTOWY ORLEN SPÓŁKA AKCYJNA,2018-04-30
1265,WIELICKA,22,ARGE PALIWA SPÓŁKA Z O.O.,2016-12-18
1266,WIELICKA,42,MAŁPKA SPÓŁKA AKCYJNA,2017-07-27
1267,WIELICKA,67,LIDL POLSKA SKLEPY SPOŻYWCZE SPÓŁKA Z O.O. SPÓŁKA KOMANDYTOWA,2016-07-31
1268,WIELICKA,76,"PRZEDSIĘBIORSTWO HANDLOWO-USŁUGOWE ZACHĘTA ZBIGNIEW KALETA, ADAM KALETA SPÓŁKA JAWNA",2017-01-15
1269,WIELICKA,77,SHELL POLSKA SPÓŁKA Z O.O.,2015-09-25
1270,WIELICKA,79,PASAŻ HANDLOWY LUMENI SPÓŁKA Z O.O.,2018-02-03
1271,WIELICKA,183,STATOIL FUEL&RETAIL POLSKA SPÓŁKA Z OGRANICZONĄ ODPOWIEDZIALNOŚCIĄ,2017-02-19
1272,WIELICKA,259,TESCO (POLSKA) SPÓŁKA Z O.O.,2017-10-10
1273,WIELICKA,79/U2,OLECH ZBIGNIEW,2018-06-16
1274,WIELICKA,83A,SUDOŁ MAŁGORZATA,2018-03-09
1275,WIELKOTYRNOWSKA,2,WOŁKOWSKA MAŁGORZATA,2017-12-15
1276,WIELKOTYRNOWSKA,16A,JABŁOŃSKI WOJCIECH,2017-09-21
1277,WIELOPOLE,16/2 i 2A,STEFAN IRENEUSZ,2018-06-07
1278,WIELOPOLE,18 A,MAŁPKA SPÓŁKA AKCYJNA,2017-07-27
1279,WIELOPOLE,18 B,SEZAM SPÓŁKA Z OGRANICZONĄ ODPOWIEDZIALNOŚCIĄ,2016-06-06
1280,WIELOPOLE,26/2B,FUNTASTY SPÓŁKA Z O.O.,2018-05-17
1281,WIEWIÓRCZA,2,"FRACZEK MAŁGORZATA, ŻABIŃSKI LESZEK, BROŚ MONIKA",2017-12-31
1282,WINCENTEGO WITOSA,19A/4,PERZ KATARZYNA,2018-06-16
1283,WIOŚLARSKA,1,POLSKI KONCERN NAFTOWY ORLEN SPÓŁKA AKCYJNA,2018-06-15
1284,WIŚLNA,6,BAJOREK TOMASZ,2017-05-18
1285,WIŚLNA,11,SIERANT LESZEK,2016-08-08
1286,WITOSA,7,CARREFOUR POLSKA SPÓŁKA Z OGRANICZONĄ ODPOWIEDZIALNOSCIĄ,2017-03-17
1287,WITOSA,19,PRO ALKO SPÓŁKA Z O.O.,2018-03-29
1288,WITOSA,20,SHELL POLSKA SPÓŁKA Z OGRANICZONĄ ODPOWIEDZIALNOŚCIĄ,2017-08-20
1289,WITOSA,33,JAWORSKI  PAWEŁ,2017-06-05
1290,WITOSA,39,MARKET PUNKT 4 PL SPÓŁKA Z OGRANICZONĄ ODPOWIEDZIALNOŚCIĄ SPÓŁKA KOMANDYTOWA,2017-02-24
1291,WITOSA,39,PALIMĄKA DONAT,2018-01-11
1292,WLOTOWA,3,TUCZYŃSKI GRZEGORZ,2017-12-31
1293,WLOTOWA,4,"RACZEK WANDA, RACZEK MIECZYSŁAW",2015-10-04
1294,WLOTOWA,1 segm.6,WOŹNIAK JAROSŁAW,2017-03-09
1295,WŁADYSŁAWA JAGIEŁŁY,2-4,MILICH ANNA,2016-07-11
1296,WŁADYSŁAWA JAGIEŁŁY,31A,MARKET- DETAL SPÓŁKA Z OGRANICZONĄ ODPOWIEDZIALNOŚCIĄ SPÓŁKA JAWNA,2015-09-14
1297,WŁADYSŁAWA ŁOKIETKA,5,CARREFOUR POLSKA SPÓŁKA Z O.O.,2016-12-15
1298,WŁADYSŁAWA ŁOKIETKA,23,"WRÓBEL EULALIA, SARNEK JOLANTA, WRÓBEL LESZEK",2018-04-30
1299,WŁADYSŁAWA ŁOKIETKA,242,MD SPÓŁKA Z O.O.,2016-12-31
1300,WŁODKOWICA,3-4,CĘCKIEWICZ ANDRZEJ,2016-02-27
1301,WŁOSKA,2,MARKET PUNKT 4 PL SPÓŁKA Z O.O. SPÓŁKA KOMANDYTOWA,2018-02-27
1302,WŁOSKA,2B,SIWULSKI PIOTR,2018-06-03
1303,WŁÓCZKÓW,3,POLSKI KONCERN NAFTOWY ORLEN SPÓŁKA AKCYJNA,2017-07-26
1304,WŁÓCZKÓW,6 LU III,CHUDASZEK JOLANTA,2018-08-26
1305,WODNA,24/L1,BIELAWSKI MACIEJ,2017-03-27
1306,WOLSKA,1,OLECH ZBIGNIEW,2018-02-24
1307,WOLSKA,16,GAJ JÓZEF,2018-08-08
1308,WOLSKA,7 B,"OCHOŃSKI JAKUB, JANIA PAWEŁ",2016-03-17
1309,WORCELLA,6,JERONIMO MARTINS POLSKA SPÓŁKA AKCYJNA,2016-04-20
1310,WROCŁAWSKA,26,PRZYBYLSKA KATARZYNA,2018-04-01
1311,WROCŁAWSKA,28,JERONIMO MARTINS POLSKA SPÓŁKA AKCYJNA,2017-06-15
1312,WROCŁAWSKA,31,BROSS-BAU SPÓŁKA Z O.O.,2018-03-08
1313,WROCŁAWSKA,56,"JAZOWSKI JAROSŁAW, POLAK ZBIGNIEW",2018-05-17
1314,WROCŁAWSKA,62,RACHWANIEC ANNA,2017-10-06
1315,WROCŁAWSKA,31/1,GRUPA TOWER SPÓŁKA Z OGRANICZONĄ ODPOWIEDZIALNOŚCIĄ,2018-05-27
1316,WROCŁAWSKA,8A,ZDZI ŃSKI TOMASZ,2017-07-09
1317,WRONY,69,SŁAPCZYŃSKA ANNA,2015-11-13
1318,WRONY,79,BARAN EWA,2018-04-09
1319,WRONY,128,GŁOWACKA ADELA,2018-03-31
1320,WYBICKIEGO,10,TESCO (POLSKA) SPÓŁKA Z O.O.,2018-02-08
1321,WYBICKIEGO,18,JERONIMO MARTINS POLSKA SPÓŁKA AKCYJNA,2016-01-31
1322,WYBICKIEGO,54,KASPERCZYK MAREK,2017-05-22
1323,WYBICKIEGO,8/1,NAREWSKI MATEUSZ,2016-12-09
1324,WYBICKIEGO,3E,POLSKI KONCERN NAFTOWY ORLEN SPÓŁKA AKCYJNA,2018-03-07
1325,WYCIĄSKA,20,SŁABOSZ MARCIN,2016-03-13
1326,WYSŁOUCHÓW,2,OŻÓG BOŻENA,2017-07-15
1327,WYSŁOUCHÓW,25,FISHER GROUP SPÓŁKA Z OGRANICZONĄ ODPOWIEDZIALNOŚCIĄ,2017-09-23
1328,WYSŁOUCHÓW,48,"GIBAŁA KATARZYNA, GIBAŁA MAREK",2016-11-17
1329,WYSŁOUCHÓW,55,"PRZEDSIĘBIORSTWO HANDLOWO-USŁUGOWE ZACHĘTA ZBIGNIEW KALETA, ADAM KALETA SPÓŁKA JAWNA",2016-10-08
1330,WYSŁOUCHÓW,22A,JERONIMO MARTINS POLSKA SPÓŁKA AKCYJNA,2016-09-16
1331,WYSŁOUCHÓW,27 A,AVANGARDE SPÓŁKA Z OGRANICZONĄ ODPOWIEDZIANOŚCIĄ,2017-02-03
1332,WYSŁOUCHÓW,30A/48,STAWIARZ JACEK,2016-12-03
1333,WYSŁOUCHÓW,6A/5,BUŁKA GRZEGORZ,2017-02-09
1334,WYSOCKIEJ,1,LIDL POLSKA SKLEPY SPOŻYWCZE SPÓŁKA Z O.O. SPÓŁKA KOMANDYTOWA,2015-11-28
1335,ZA SKŁONEM,3,KOŻBIAŁ HALINA,2016-01-03
1336,ZABŁOCIE,23,DZIKI MAŁGORZATA,2016-02-29
1337,ZACHODNIA,10,KUBIAK IWONA,2016-03-22
1338,ZAGŁOBY,28,DOMAGAŁA JOLANTA,2018-03-24
1339,ZAKĘPIE,1A,FOSZCZYŃSKI KRZYSZTOF,2016-12-19
1340,ZAKLIKI Z MYDLNIK,16,"PRZEDSIĘBIORSTWO HANDLOWO-USŁUGOWE FULLBAK SPÓŁKA JAWNA LESZEK BURAKOWSKI, ADAM KLIMCZAK",2015-10-15
1341,ZAKOPIAŃSKA,48,SHELL POLSKA SPÓŁKA Z OGRANICZONĄ ODPOWIEDZIALNOŚCIĄ,2015-10-12
1342,ZAKOPIAŃSKA,56,PINOT SPÓŁKA Z OGRANICZONĄ ODPOWIEDZIALNOŚCIĄ SPÓŁKA KOMANDYTOWA,2017-04-27
1343,ZAKOPIAŃSKA,58,POLSKI KONCERN NAFTOWY ORLEN SPÓŁKA AKCYJNA,2016-04-11
1344,ZAKOPIAŃSKA,62,MATERNY ADAM,2016-05-26
1345,ZAKOPIAŃSKA,62,CARREFOUR POLSKA SPÓŁKA  Z O.O.,2016-09-22
1346,ZAKOPIAŃSKA,62,AMBRA SPÓŁKA AKCYJNA,2017-05-22
1347,ZAKOPIAŃSKA,105,EKO HZ SPÓŁKA Z OGRANICZONĄ ODPOWIEDZIALNOŚCIĄ,2018-06-30
1348,ZAKOPIAŃSKA,107,BP EUROPA SE SPÓŁKA EUROPEJSKA ODDZIAŁ W POLSCE,2016-09-05
1349,ZAKOPIAŃSKA,289,POLSKI KONCERN NAFTOWY ORLEN SPÓŁKA AKCYJNA,2016-04-30
1350,ZAKOPIAŃSKA,290,ARGE PALIWA SPÓŁKA Z O.O.,2016-12-05
1351,ZAKOPIAŃSKA,117 B,LUNZ URSZULA,2016-12-02
1352,ZAKOPIAŃSKA,70 A,MAKRO CASH AND CARRY POLSKA SPÓŁKA AKCYJNA,2017-11-03
1353,ZAWIŁA,25,"PALIWA POLSKA I. GUZOWSKI, T. WACHCIŃSKI SPÓŁKA JAWNA",2018-03-02
1354,ZAWISZY,10,DNS SPÓŁKA Z OGRANICZONĄ ODPOWIEDZIALNOŚCIĄ,2016-03-10
1355,ZAWISZY,12,"LISZKA LIDIA, LISZKA RYSZARD",2018-04-25
1356,ZBROJARZY,30,STANISŁAWSKI CEZARY,2017-12-07
1357,ZBROJARZY,105,ADAMCZAK PAWEŁ,2015-09-24
1358,ZDROWA,1,BACÓWKA TOWARY TRADYCYJNE SPÓŁKA Z O.O. SPÓŁKA KOMANDYTOWA,2018-06-08
1359,ZDROWA,2A,"NOWAK DOROTA, WITAS BEATA",2018-08-07
1360,ZDUNÓW,18 B/LU1,GOŃKIEWICZ WOJCIECH,2016-12-31
1361,ZGODY,przy bl. 7,"NAWROCKA-WIŚNIEWSKA IZABELA, ZAMOJSKI ERNEST",2020-05-07
1362,ZIELIŃSKA,11,PIŁUCKI JANUSZ,2016-06-21
1363,ZIELIŃSKA,9/2,PUK MAŁGORZATA,2017-02-28
1364,ZIELONE WZGÓRZE,7,WAŚKO ZBIGNIEW,2016-04-30
1365,ZIMOROWICZA,43,GAJ PAWEŁ,2018-03-08
1366,ZŁOCIENIOWA,26,BOCHENEK CZESŁAW,2016-05-15
1367,ZWIERZYNIECKA,10,SAMEK OLAF,2015-11-11
1368,ZWIERZYNIECKA,11,CORLEONE SPÓŁKA Z O.O.,2016-05-16
1369,ZWIERZYNIECKA,16,GĄSOWSKI WITOLD,2016-12-31
1370,ZWIERZYNIECKA,23,KOCYK SPÓŁKA Z O.O. SPÓŁKA KOMANDYTOWA,2018-02-16
1371,ŻABINIEC,26,JABŁOŃSKA MAŁGORZATA,2016-05-28
1372,ŻABINIEC,93,JERONIMO MARTINS POLSKA SPÓŁKA AKCYJNA,2017-05-07
1373,ŻELAZOWSKIEGO,2,ZAGDAŃSKI JACEK,2017-03-26
1374,ŻELEŃSKIEGO,4,NOWAKOWSKI KRZYSZTOF,2016-03-29
1375,ŻUŁAWSKIEGO,1,BARANIK ANNA,2017-06-01
